,,,
,,,
,,,
As of:,"Oct 21, 2016",,
,,,
,,,
Effective date ,Dow Jones Industrial Average Total Return,Dow Jones Industrial Average Net Total Return,Dow Jones Industrial Average
9/29/2006,18776.95,17935.93,11679.07
10/2/2006,18762.92,17922.53,11670.35
10/3/2006,18854.55,18010.05,11727.34
10/4/2006,19059.11,18203.62,11850.61
10/5/2006,19094.49,18234.69,11866.69
10/6/2006,19067.96,18209.35,11850.21
10/9/2006,19080.2,18221.04,11857.81
10/10/2006,19095.27,18235.43,11867.17
10/11/2006,19071.05,18212.31,11852.13
10/12/2006,19224.84,18359.17,11947.7
10/13/2006,19245.45,18378.84,11960.51
10/16/2006,19277.77,18409.72,11980.6
10/17/2006,19228.57,18362.73,11950.02
10/18/2006,19301.23,18430.97,11992.68
10/19/2006,19335.76,18462.83,12011.73
10/20/2006,19320.69,18448.44,12002.37
10/23/2006,19505.07,18624.5,12116.91
10/24/2006,19522.72,18641.36,12127.88
10/25/2006,19533.68,18651.81,12134.68
10/26/2006,19580.32,18696.35,12163.66
10/27/2006,19462.16,18583.53,12090.26
10/30/2006,19456.11,18577.75,12086.5
10/31/2006,19446.83,18568.89,12080.73
11/1/2006,19368.74,18493.77,12031.02
11/2/2006,19354.95,18478.79,12018.54
11/3/2006,19303.9,18429.69,11986.04
11/6/2006,19496.36,18613.44,12105.55
11/7/2006,19578.87,18692.21,12156.77
11/8/2006,19621.56,18729.86,12176.54
11/9/2006,19507.65,18619.94,12103.3
11/10/2006,19515.9,18627.82,12108.43
11/13/2006,19571.43,18675.74,12131.88
11/14/2006,19711.67,18809.2,12218.01
11/15/2006,19772.71,18865.53,12251.71
11/16/2006,19862.98,18950.82,12305.82
11/17/2006,19922.28,19007.4,12342.56
11/20/2006,19880.29,18967.33,12316.54
11/21/2006,19894.39,18979.08,12321.59
11/22/2006,19903.05,18987.35,12326.95
11/23/2006,19903.05,18987.35,12326.95
11/24/2006,19832.35,18918.51,12280.17
11/27/2006,19576.43,18674.39,12121.71
11/28/2006,19603.15,18699.04,12136.45
11/29/2006,19755.18,18842.28,12226.73
11/30/2006,19747.42,18834.88,12221.93
12/1/2006,19702.5,18792.04,12194.13
12/4/2006,19847.47,18930.31,12283.85
12/5/2006,19924.62,19003.89,12331.6
12/6/2006,19893.42,18972.73,12309.25
12/7/2006,19843.57,18925.19,12278.41
12/8/2006,19890.57,18970.01,12307.49
12/11/2006,19925.53,19003.05,12328.48
12/12/2006,19904.68,18983.17,12315.58
12/13/2006,19913.97,18990.27,12317.5
12/14/2006,20074.45,19143.3,12416.76
12/15/2006,20120.95,19187.64,12445.52
12/18/2006,20114.08,19181.09,12441.27
12/19/2006,20162.65,19227.41,12471.32
12/20/2006,20150.61,19215.92,12463.87
12/21/2006,20085.32,19152.63,12421.25
12/22/2006,19970.22,19039.7,12343.22
12/25/2006,19970.22,19039.7,12343.22
12/26/2006,20074.43,19139.06,12407.63
12/27/2006,20240.98,19297.85,12510.57
12/28/2006,20226.34,19283.89,12501.52
12/29/2006,20164.25,19224.69,12463.15
1/1/2007,20164.25,19224.69,12463.15
1/2/2007,20164.25,19224.69,12463.15
1/3/2007,20189.02,19246.49,12474.52
1/4/2007,20199,19256,12480.69
1/5/2007,20065.2,19128.45,12398.01
1/8/2007,20116.3,19174.34,12423.49
1/9/2007,20105.15,19163.71,12416.6
1/10/2007,20146.53,19203.15,12442.16
1/11/2007,20264.44,19315.54,12514.98
1/12/2007,20330.99,19378.97,12556.08
1/15/2007,20330.99,19378.97,12556.08
1/16/2007,20373.93,19419.9,12582.59
1/17/2007,20369.13,19414.18,12577.15
1/18/2007,20358.1,19402.55,12567.93
1/19/2007,20354.2,19398.84,12565.53
1/22/2007,20211.07,19262.42,12477.16
1/23/2007,20302.81,19349.86,12533.8
1/24/2007,20445.3,19485.66,12621.77
1/25/2007,20252.2,19301.63,12502.56
1/26/2007,20227.03,19277.63,12487.02
1/29/2007,20233.13,19283.45,12490.78
1/30/2007,20285.81,19333.66,12523.31
1/31/2007,20447.39,19487.02,12621.69
2/1/2007,20538.66,19571.99,12673.68
2/2/2007,20505.95,19540.81,12653.49
2/5/2007,20520.78,19554.53,12661.74
2/6/2007,20528.18,19561.58,12666.31
2/7/2007,20545.46,19573.37,12666.87
2/8/2007,20498.04,19528.18,12637.63
2/9/2007,20405.91,19440.42,12580.83
2/12/2007,20360.04,19396.72,12552.55
2/13/2007,20532.13,19558.91,12654.85
2/14/2007,20680.03,19697.87,12741.86
2/15/2007,20717.61,19733.66,12765.01
2/16/2007,20721.77,19737.62,12767.57
2/19/2007,20721.77,19737.62,12767.57
2/20/2007,20752.71,19767.1,12786.64
2/21/2007,20680.66,19696.69,12738.41
2/22/2007,20599.23,19618.1,12686.02
2/23/2007,20544.77,19563.91,12647.48
2/26/2007,20520.04,19540.37,12632.26
2/27/2007,19844.25,18896.84,12216.24
2/28/2007,19931.51,18979.32,12268.63
3/1/2007,19875.81,18926.28,12234.34
3/2/2007,19680.45,18740.25,12114.1
3/5/2007,19576.98,18641.73,12050.41
3/6/2007,19835.3,18886.86,12207.59
3/7/2007,19815.64,18866.73,12192.45
3/8/2007,19926.58,18972.35,12260.7
3/9/2007,19951.96,18996.52,12276.32
3/12/2007,20021.76,19062.67,12318.62
3/13/2007,19642.68,18697.38,12075.96
3/14/2007,19739,18788.23,12133.4
3/15/2007,19781.75,18828.92,12159.68
3/16/2007,19701.59,18752.63,12110.41
3/19/2007,19889.92,18931.88,12226.17
3/20/2007,19990.66,19027.78,12288.1
3/21/2007,20250.02,19274.64,12447.52
3/22/2007,20272.17,19295.73,12461.14
3/23/2007,20304.5,19326.49,12481.01
3/26/2007,20285.08,19308.01,12469.07
3/27/2007,20168.3,19196.86,12397.29
3/28/2007,20010.6,19046.76,12300.36
3/29/2007,20089.32,19121.68,12348.75
3/30/2007,20098.45,19130.37,12354.35
4/2/2007,20143.92,19173.65,12382.3
4/3/2007,20358.69,19376.21,12510.3
4/4/2007,20390.83,19406.79,12530.05
4/5/2007,20449.97,19460.2,12560.2
4/6/2007,20449.97,19460.2,12560.2
4/9/2007,20464.53,19474.06,12569.14
4/10/2007,20472.2,19481.36,12573.85
4/11/2007,20326.92,19343.11,12484.62
4/12/2007,20438.2,19449,12552.96
4/13/2007,20534.52,19540.66,12612.13
4/16/2007,20710.9,19708.5,12720.46
4/17/2007,20796.51,19789.97,12773.04
4/18/2007,20846.65,19837.69,12803.84
4/19/2007,20858.43,19847.76,12808.63
4/20/2007,21108.16,20085.39,12961.98
4/23/2007,21038.81,20019.4,12919.4
4/24/2007,21095.06,20072.92,12953.94
4/25/2007,21321.14,20286.72,13089.89
4/26/2007,21346.56,20310.9,13105.5
4/27/2007,21371.71,20334.83,13120.94
4/30/2007,21277.2,20244.9,13062.91
5/1/2007,21396.46,20358.38,13136.14
5/2/2007,21522.09,20477.27,13211.88
5/3/2007,21578.81,20528.76,13241.38
5/4/2007,21616.69,20564.79,13264.62
5/7/2007,21695.49,20639.76,13312.97
5/8/2007,21694.43,20637.24,13309.07
5/9/2007,21793.97,20728.55,13362.87
5/10/2007,21557.59,20502.42,13215.13
5/11/2007,21743.76,20678.07,13326.22
5/14/2007,21777.31,20709.97,13346.78
5/15/2007,21839.11,20768.36,13383.84
5/16/2007,22024.56,20940.08,13487.53
5/17/2007,22006.91,20923.3,13476.73
5/18/2007,22137.23,21047.2,13556.53
5/21/2007,22114.93,21026,13542.88
5/22/2007,22110.16,21021.46,13539.95
5/23/2007,22086.8,20999.25,13525.65
5/24/2007,21954.26,20871.68,13441.13
5/25/2007,22062.31,20974.4,13507.28
5/28/2007,22062.31,20974.4,13507.28
5/29/2007,22085.27,20996.23,13521.34
5/30/2007,22270,21171.22,13633.08
5/31/2007,22261.1,21162.76,13627.64
6/1/2007,22327.21,21225.61,13668.11
6/4/2007,22340.62,21238.36,13676.32
6/5/2007,22211.5,21114.76,13595.46
6/6/2007,22004.47,20916.52,13465.67
6/7/2007,21679.38,20607.51,13266.73
6/8/2007,21937.01,20852.4,13424.39
6/11/2007,21939,20853.99,13424.96
6/12/2007,21726.64,20652.13,13295.01
6/13/2007,22046.68,20952.38,13482.35
6/14/2007,22163.39,21063.3,13553.72
6/15/2007,22303.62,21196.57,13639.48
6/18/2007,22260.29,21155.39,13612.98
6/19/2007,22296.98,21190.26,13635.42
6/20/2007,22058.24,20963.37,13489.42
6/21/2007,22154.23,21053.53,13545.84
6/22/2007,21850.71,20765.09,13360.26
6/25/2007,21837.28,20752.33,13352.05
6/26/2007,21813.75,20729.97,13337.66
6/27/2007,21961.06,20869.95,13427.73
6/28/2007,21952.15,20861.49,13422.28
6/29/2007,21929.81,20840.26,13408.62
7/2/2007,22137.21,21037.36,13535.43
7/3/2007,22212.75,21107.13,13577.3
7/4/2007,22212.75,21107.13,13577.3
7/5/2007,22194,21089.31,13565.84
7/6/2007,22279.15,21167.33,13611.68
7/9/2007,22341.82,21226.87,13649.97
7/10/2007,22099.14,20996.3,13501.7
7/11/2007,22223.8,21114.74,13577.87
7/12/2007,22688.42,21556.17,13861.73
7/13/2007,22762.93,21626.96,13907.25
7/16/2007,22834.51,21694.97,13950.98
7/17/2007,22868.17,21726.95,13971.55
7/18/2007,22790.3,21650.29,13918.22
7/19/2007,22924.87,21778.13,14000.41
7/20/2007,22680.36,21545.84,13851.08
7/23/2007,22831.57,21689.49,13943.42
7/24/2007,22460.73,21337.2,13716.95
7/25/2007,22572.28,21443.17,13785.07
7/26/2007,22062.21,20958.62,13473.57
7/27/2007,21721.46,20634.91,13265.47
7/30/2007,21873.47,20779.31,13358.31
7/31/2007,21633.88,20551.71,13211.99
8/1/2007,21882.41,20787.16,13362.37
8/2/2007,22054.99,20949.04,13463.33
8/3/2007,21595.45,20512.12,13181.91
8/6/2007,22065.41,20958.51,13468.78
8/7/2007,22123.61,21013.78,13504.3
8/8/2007,22389.19,21262.05,13657.86
8/9/2007,21759.02,20662.31,13270.68
8/10/2007,21707.98,20613.84,13239.54
8/13/2007,21707.98,20612.43,13236.53
8/14/2007,21368.8,20290,13028.92
8/15/2007,21104.56,20036.14,12861.47
8/16/2007,21082.15,20013.91,12845.78
8/17/2007,21465.03,20377.39,13079.08
8/20/2007,21534.41,20443.25,13121.35
8/21/2007,21484.38,20395.76,13090.86
8/22/2007,21729.26,20626.38,13236.13
8/23/2007,21728.86,20626,13235.88
8/24/2007,21969.19,20852.55,13378.87
8/27/2007,21876.02,20764.11,13322.13
8/28/2007,21418.71,20329.21,13041.85
8/29/2007,21825.09,20714.92,13289.29
8/30/2007,21742.05,20636.1,13238.73
8/31/2007,21937.5,20821.61,13357.74
9/3/2007,21937.5,20821.61,13357.74
9/4/2007,22087.15,20963.65,13448.86
9/5/2007,21859.32,20745.22,13305.47
9/6/2007,21954.41,20835.46,13363.35
9/7/2007,21543.75,20445.73,13113.38
9/10/2007,21568.59,20469,13127.85
9/11/2007,21865.21,20750.5,13308.39
9/12/2007,21852.25,20734.06,13291.65
9/13/2007,22071.29,20941.89,13424.88
9/14/2007,22100.29,20969.41,13442.52
9/17/2007,22036.01,20908.42,13403.42
9/18/2007,22588.36,21432.5,13739.39
9/19/2007,22713.58,21551.32,13815.56
9/20/2007,22636.99,21477.59,13766.7
9/21/2007,22724.95,21561.03,13820.19
9/24/2007,22624.43,21465.66,13759.06
9/25/2007,22656.64,21496.23,13778.65
9/26/2007,22820.25,21651.46,13878.15
9/27/2007,22877.46,21705.73,13912.94
9/28/2007,22848.99,21678.72,13895.63
10/1/2007,23164.57,21978.14,14087.55
10/2/2007,23098.41,21915.37,14047.31
10/3/2007,22975.13,21796.4,13968.05
10/4/2007,22985.43,21806.16,13974.31
10/5/2007,23146.82,21956.27,14066.01
10/8/2007,23110.16,21921.5,14043.73
10/9/2007,23308.94,22110.05,14164.53
10/10/2007,23167.68,21976.06,14078.69
10/11/2007,23063.08,21876.83,14015.12
10/12/2007,23191.36,21998.52,14093.08
10/15/2007,23013.18,21829.51,13984.8
10/16/2007,22894.93,21717.34,13912.94
10/17/2007,22866.03,21688.59,13892.54
10/18/2007,22864.96,21686.21,13888.96
10/19/2007,22260.88,21113.27,13522.02
10/22/2007,22334.89,21183.46,13566.97
10/23/2007,22514.74,21354.05,13676.23
10/24/2007,22513.14,21352.52,13675.25
10/25/2007,22507.65,21347.32,13671.92
10/26/2007,22729.53,21557.76,13806.7
10/29/2007,22834.18,21657.01,13870.26
10/30/2007,22706.11,21535.55,13792.47
10/31/2007,22934.84,21751.83,13930.01
11/1/2007,22345.64,21191.01,13567.87
11/2/2007,22390.49,21233.55,13595.1
11/5/2007,22306.84,21153.8,13543.4
11/6/2007,22500.44,21337.39,13660.94
11/7/2007,21924.11,20785.69,13300.02
11/8/2007,21868.5,20732.97,13266.29
11/9/2007,21500.01,20383.6,13042.74
11/12/2007,21409.02,20297.34,12987.55
11/13/2007,21963.54,20815.16,13307.09
11/14/2007,21845.56,20701.19,13231.01
11/15/2007,21645.85,20511.94,13110.05
11/16/2007,21759.42,20618.6,13176.79
11/19/2007,21398.86,20276.94,12958.44
11/20/2007,21490.7,20362.13,13010.14
11/21/2007,21141.99,20031.73,12799.04
11/22/2007,21141.99,20031.73,12799.04
11/23/2007,21448.02,20320.08,12980.88
11/26/2007,21055.69,19948.39,12743.44
11/27/2007,21414.02,20287,12958.44
11/28/2007,21965.7,20808.32,13289.45
11/29/2007,22002.52,20843.19,13311.73
11/30/2007,22101.67,20937.12,13371.72
12/3/2007,22007.22,20847.64,13314.57
12/4/2007,21898.39,20744.55,13248.73
12/5/2007,22235.42,21060.21,13444.96
12/6/2007,22524.73,21334.23,13619.89
12/7/2007,22534.14,21343.14,13625.58
12/10/2007,22703,21502.77,13727.03
12/11/2007,22216.31,21041.82,13432.77
12/12/2007,22287.31,21108.22,13473.9
12/13/2007,22360.19,21177.24,13517.96
12/14/2007,22065.58,20898.22,13339.85
12/17/2007,21779.99,20627.74,13167.2
12/18/2007,21887.96,20730,13232.47
12/19/2007,21846.28,20690.52,13207.27
12/20/2007,21913.93,20753.4,13245.64
12/21/2007,22263.35,21081.4,13450.65
12/24/2007,22426.69,21236.07,13549.33
12/25/2007,22426.69,21236.07,13549.33
12/26/2007,22430.59,21239.77,13551.69
12/27/2007,22112.65,20938.71,13359.61
12/28/2007,22123.01,20948.52,13365.87
12/31/2007,21955.77,20790.15,13264.82
1/1/2008,21955.77,20790.15,13264.82
1/2/2008,21597.61,20448.91,13043.96
1/3/2008,21618.74,20468.91,13056.72
1/4/2008,21193.96,20066.72,12800.18
1/7/2008,21239.19,20109.54,12827.49
1/8/2008,20855.39,19743.04,12589.07
1/9/2008,21097.65,19972.38,12735.31
1/10/2008,21292.78,20157.11,12853.09
1/11/2008,20883.94,19770.07,12606.3
1/14/2008,21168.62,20039.57,12778.15
1/15/2008,20709.68,19605.11,12501.11
1/16/2008,20656.48,19553.4,12466.16
1/17/2008,20152.59,19075.08,12159.21
1/18/2008,20053.3,18981.1,12099.3
1/21/2008,20053.3,18981.1,12099.3
1/22/2008,19840.97,18780.12,11971.19
1/23/2008,20336.5,19249.16,12270.17
1/24/2008,20516.23,19419.27,12378.61
1/25/2008,20232.08,19150.32,12207.17
1/28/2008,20524.98,19427.56,12383.89
1/29/2008,20684.77,19578.81,12480.3
1/30/2008,20622.66,19520.02,12442.83
1/31/2008,20971,19848.49,12650.36
2/1/2008,21124.9,19994.15,12743.19
2/4/2008,20945.81,19824.64,12635.16
2/5/2008,20334.06,19245.17,12265.13
2/6/2008,20243.56,19154.59,12200.1
2/7/2008,20326.13,19231.37,12247
2/8/2008,20218.46,19129.51,12182.13
2/11/2008,20314.52,19220.4,12240.01
2/12/2008,20535.92,19429.87,12373.41
2/13/2008,20846.15,19719.58,12552.24
2/14/2008,20555.09,19444.24,12376.98
2/15/2008,20507.3,19399.04,12348.21
2/18/2008,20507.3,19399.04,12348.21
2/19/2008,20490.53,19382.76,12337.22
2/20/2008,20646.89,19528.73,12427.26
2/21/2008,20413.52,19306.82,12284.3
2/22/2008,20579.9,19462.57,12381.02
2/25/2008,20894.39,19759.99,12570.22
2/26/2008,21085.06,19940.3,12684.92
2/27/2008,21100.62,19955.02,12694.28
2/28/2008,20919.31,19782.13,12582.18
2/29/2008,20394.27,19285.63,12266.39
3/3/2008,20381.82,19273.86,12258.9
3/4/2008,20306.83,19202.95,12213.8
3/5/2008,20391.9,19278.69,12254.99
3/6/2008,20034.82,18941.09,12040.39
3/7/2008,19790.71,18710.31,11893.69
3/10/2008,19536.29,18469.48,11740.15
3/11/2008,20232.8,19127.06,12156.81
3/12/2008,20163.63,19059.31,12110.24
3/13/2008,20222.73,19115.17,12145.74
3/14/2008,19898.63,18808.82,11951.09
3/17/2008,19933.88,18842.13,11972.25
3/18/2008,20633.85,19503.77,12392.66
3/19/2008,20146.01,19042.65,12099.66
3/20/2008,20581.67,19454.45,12361.32
3/21/2008,20581.67,19454.45,12361.32
3/24/2008,20893.57,19749.26,12548.64
3/25/2008,20866.86,19724.02,12532.6
3/26/2008,20684.14,19551.31,12422.86
3/27/2008,20483.67,19361.81,12302.46
3/28/2008,20340.39,19226.38,12216.4
3/31/2008,20417.79,19299.54,12262.89
4/1/2008,21069.59,19915.64,12654.36
4/2/2008,20993.93,19842.67,12605.83
4/3/2008,21027.55,19874.45,12626.03
4/4/2008,20999.89,19848.31,12609.42
4/7/2008,21004.91,19853.05,12612.43
4/8/2008,20956.2,19803.83,12576.44
4/9/2008,20876.69,19728,12527.26
4/10/2008,20967.87,19814.17,12581.98
4/11/2008,20540.33,19410.14,12325.42
4/14/2008,20501.38,19373.34,12302.06
4/15/2008,20602.06,19468.48,12362.47
4/16/2008,21035.56,19876.56,12619.27
4/17/2008,21042.48,19881.71,12620.49
4/18/2008,21424.09,20242.26,12849.36
4/21/2008,21383.5,20203.91,12825.02
4/22/2008,21208.78,20038.84,12720.23
4/23/2008,21280.46,20106.56,12763.22
4/24/2008,21423.41,20241.62,12848.95
4/25/2008,21494.95,20309.22,12891.86
4/28/2008,21461.42,20277.54,12871.75
4/29/2008,21395.03,20214.82,12831.94
4/30/2008,21377.66,20197.74,12820.13
5/1/2008,21698.68,20499.8,13010
5/2/2008,21779.07,20575.75,13058.2
5/5/2008,21633.08,20437.28,12969.54
5/6/2008,21718.63,20518.11,13020.83
5/7/2008,21390.54,20203.53,12814.35
5/8/2008,21478.07,20286.2,12866.78
5/9/2008,21281.63,20099.13,12745.88
5/12/2008,21499.41,20304.82,12876.31
5/13/2008,21432.78,20239.89,12832.18
5/14/2008,21554.38,20351.59,12898.38
5/15/2008,21720.85,20506.25,12992.66
5/16/2008,21711.05,20497,12986.8
5/19/2008,21780.2,20562.28,13028.16
5/20/2008,21446.71,20247.44,12828.68
5/21/2008,21073.09,19892.82,12601.19
5/22/2008,21120.22,19935.52,12625.62
5/23/2008,20876.01,19705.02,12479.63
5/26/2008,20876.01,19705.02,12479.63
5/27/2008,20990.97,19813.52,12548.35
5/28/2008,21067.37,19885.64,12594.03
5/29/2008,21154.68,19968.05,12646.22
5/30/2008,21141.47,19955.58,12638.32
6/2/2008,20916.46,19743.2,12503.82
6/3/2008,20750.62,19585.79,12402.85
6/4/2008,20746.53,19577.23,12390.48
6/5/2008,21110,19918.74,12604.45
6/6/2008,20449.05,19295.09,12209.81
6/9/2008,20568.24,19407.24,12280.32
6/10/2008,20584.06,19422.17,12289.76
6/11/2008,20244.14,19099.99,12083.77
6/12/2008,20340.99,19191.37,12141.58
6/13/2008,20618.7,19453.39,12307.35
6/16/2008,20554.6,19392.9,12269.08
6/17/2008,20372.36,19220.97,12160.3
6/18/2008,20152.48,19013.51,12029.06
6/19/2008,20213.73,19070.1,12063.09
6/20/2008,19844.41,18721.68,11842.69
6/23/2008,19843.87,18721.16,11842.36
6/24/2008,19785.34,18665.94,11807.43
6/25/2008,19792.7,18672.89,11811.83
6/26/2008,19192.13,18106.3,11453.42
6/27/2008,19012.99,17937.29,11346.51
6/30/2008,19018.86,17942.83,11350.01
7/1/2008,19078.08,17997.23,11382.26
7/2/2008,18798.59,17733.58,11215.51
7/3/2008,18921.01,17849.06,11288.54
7/4/2008,18921.01,17849.06,11288.54
7/7/2008,18826.16,17759.58,11231.96
7/8/2008,19092.85,18007.91,11384.21
7/9/2008,18698.16,17634.97,11147.44
7/10/2008,18835,17764.03,11229.02
7/11/2008,18619.5,17560.78,11100.54
7/14/2008,18543.43,17489.03,11055.19
7/15/2008,18388.01,17342.45,10962.54
7/16/2008,18857.81,17783.96,11239.28
7/17/2008,19211.61,18115.95,11446.66
7/18/2008,19295.37,18194.94,11496.57
7/21/2008,19246.31,18148.68,11467.34
7/22/2008,19473.16,18362.58,11602.5
7/23/2008,19523.31,18409.88,11632.38
7/24/2008,19048.17,17961.83,11349.28
7/25/2008,19084.11,17995.72,11370.69
7/28/2008,18681.94,17616.49,11131.08
7/29/2008,19129.2,18038.25,11397.56
7/30/2008,19441.59,18332.82,11583.69
7/31/2008,19100.7,18010.16,11378.02
8/1/2008,19013.91,17928.32,11326.32
8/4/2008,18943.11,17861.56,11284.15
8/5/2008,19501.79,18387.78,11615.77
8/6/2008,19588.54,18464.18,11656.07
8/7/2008,19211.02,18108.33,11431.43
8/8/2008,19720.03,18588.12,11734.32
8/11/2008,19806.26,18667.84,11782.35
8/12/2008,19571.12,18446.22,11642.47
8/13/2008,19400.16,18281.37,11532.96
8/14/2008,19539.72,18412.89,11615.93
8/15/2008,19622.62,18488.48,11659.9
8/18/2008,19318.84,18202.25,11479.39
8/19/2008,19100.13,17995.77,11348.55
8/20/2008,19222.96,18109.54,11417.43
8/21/2008,19244.48,18129.82,11430.21
8/22/2008,19584.01,18447.87,11628.06
8/25/2008,19176.74,18064.23,11386.25
8/26/2008,19221.58,18106.46,11412.87
8/27/2008,19372.56,18248.68,11502.51
8/28/2008,19735.98,18589.54,11715.18
8/29/2008,19446.83,18317.19,11543.55
9/1/2008,19446.83,18317.19,11543.55
9/2/2008,19405.06,18276.97,11516.92
9/3/2008,19449,18313.54,11532.88
9/4/2008,18867.78,17766.25,11188.23
9/5/2008,18922.98,17818.23,11220.96
9/8/2008,19412.78,18279.11,11510.74
9/9/2008,18940.55,17834.47,11230.73
9/10/2008,19004.96,17895.11,11268.92
9/11/2008,19288.17,18160.29,11433.71
9/12/2008,19268.4,18141.67,11421.99
9/15/2008,18417.36,17340.4,10917.51
9/16/2008,18656.08,17565.16,11059.02
9/17/2008,17898.04,16851.44,10609.66
9/18/2008,18594.16,17505.61,11019.69
9/19/2008,19216.38,18091.4,11388.44
9/22/2008,18591.18,17501.74,11015.69
9/23/2008,18318.58,17245.11,10854.17
9/24/2008,18269.65,17199.05,10825.17
9/25/2008,18601.94,17511.86,11022.06
9/26/2008,18806.26,17704.21,11143.13
9/29/2008,17493.77,16468.63,10365.45
9/30/2008,18312.66,17239.54,10850.66
10/1/2008,18282.01,17210,10831.07
10/2/2008,17699.19,16659.96,10482.85
10/3/2008,17433.33,16409.71,10325.38
10/6/2008,16808.81,15821.86,9955.5
10/7/2008,15950.45,15013.9,9447.11
10/8/2008,15642.68,14720.99,9258.1
10/9/2008,14495.56,13641.47,8579.19
10/10/2008,14279.3,13437.95,8451.19
10/13/2008,15861.49,14926.92,9387.61
10/14/2008,15732.03,14805.08,9310.99
10/15/2008,14493.41,13639.44,8577.91
10/16/2008,15177.45,14281.51,8979.26
10/17/2008,14962.72,14079.45,8852.22
10/20/2008,15661.16,14736.67,9265.43
10/21/2008,15269.4,14368.03,9033.66
10/22/2008,14404.92,13553.15,8519.21
10/23/2008,14695.82,13826.85,8691.25
10/24/2008,14167.76,13330.01,8378.95
10/27/2008,13824.21,13006.77,8175.77
10/28/2008,15327.98,14421.63,9065.12
10/29/2008,15202.6,14303.66,8990.96
10/30/2008,15525.6,14606.93,9180.69
10/31/2008,15769.66,14836.56,9325.01
11/3/2008,15760.91,14828.32,9319.83
11/4/2008,16277.46,15314.31,9625.28
11/5/2008,15468.74,14549.72,9139.27
11/6/2008,14724.54,13847.92,8695.79
11/7/2008,15150.07,14246.55,8943.81
11/10/2008,15025.95,14129.83,8870.54
11/11/2008,14726.84,13848.56,8693.96
11/12/2008,14040.35,13200.13,8282.66
11/13/2008,14977.09,14080.81,8835.25
11/14/2008,14412.66,13547.78,8497.31
11/17/2008,14033.18,13191.07,8273.58
11/18/2008,14291.38,13433.27,8424.75
11/19/2008,13572.65,12755.89,7997.28
11/20/2008,12817.43,12046.11,7552.29
11/21/2008,13662.69,12838.63,8046.42
11/24/2008,14336.73,13472.02,8443.39
11/25/2008,14397.99,13529.58,8479.47
11/26/2008,14829.9,13931.99,8726.61
11/27/2008,14829.9,13931.99,8726.61
11/28/2008,15003.96,14095.51,8829.04
12/1/2008,13848.46,13009.97,8149.09
12/2/2008,14310.45,13443.1,8419.09
12/3/2008,14613.5,13725.06,8591.69
12/4/2008,14247.05,13380.88,8376.24
12/5/2008,14687.87,13794.91,8635.42
12/8/2008,15196.03,14272.17,8934.18
12/9/2008,14782.98,13884.23,8691.33
12/10/2008,14902.19,13996.2,8761.42
12/11/2008,14576.04,13687.68,8565.09
12/12/2008,14685.96,13790.9,8629.68
12/15/2008,14576.17,13687.49,8564.53
12/16/2008,15188.19,14262.21,8924.14
12/17/2008,15018.34,14102.71,8824.34
12/18/2008,14645.03,13752.16,8604.99
12/19/2008,14600.97,13710.79,8579.11
12/22/2008,14499.98,13615.96,8519.77
12/23/2008,14333.21,13458.25,8419.49
12/24/2008,14420.82,13539.33,8468.48
12/25/2008,14420.82,13539.33,8468.48
12/26/2008,14500.98,13614.59,8515.55
12/29/2008,14447.14,13564.03,8483.93
12/30/2008,14761.26,13858.95,8668.39
12/31/2008,14945.17,14031.63,8776.39
1/1/2009,14945.17,14031.63,8776.39
1/2/2009,15390.33,14448.08,9034.69
1/5/2009,15250.99,14317.27,8952.89
1/6/2009,15356.96,14416.75,9015.1
1/7/2009,14952.8,14033.43,8769.7
1/8/2009,14906.36,13989.84,8742.46
1/9/2009,14662.05,13760.55,8599.18
1/12/2009,14448.56,13560.19,8473.97
1/13/2009,14405.24,13519.54,8448.56
1/14/2009,13981.67,13122.01,8200.14
1/15/2009,14008.44,13145.52,8212.49
1/16/2009,14125.68,13255.54,8281.22
1/19/2009,14125.68,13255.54,8281.22
1/20/2009,13559.15,12723.91,7949.09
1/21/2009,14040.69,13174.2,8228.1
1/22/2009,13861.01,13005.61,8122.8
1/23/2009,13783.81,12933.18,8077.56
1/26/2009,13849.46,12994.77,8116.03
1/27/2009,13949.63,13088.76,8174.73
1/28/2009,14292.13,13410.12,8375.45
1/29/2009,13905.86,13047.65,8149.01
1/30/2009,13653.06,12810.45,8000.86
2/2/2009,13543.78,12707.92,7936.83
2/3/2009,13785.3,12934.54,8078.36
2/4/2009,13591.7,12748.92,7956.66
2/5/2009,13773.47,12919.41,8063.07
2/6/2009,14157.62,13276.21,8280.59
2/9/2009,14141.01,13260.63,8270.87
2/10/2009,13487.91,12648.18,7888.88
2/11/2009,13580.13,12733.09,7939.53
2/12/2009,13577.41,12728.04,7932.76
2/13/2009,13436.45,12595.9,7850.41
2/16/2009,13436.45,12595.9,7850.41
2/17/2009,12928.45,12119.2,7552.6
2/18/2009,12945.85,12132.07,7555.63
2/19/2009,12796.37,11990.81,7465.95
2/20/2009,12630.69,11833.82,7365.67
2/23/2009,12200.46,11430.74,7114.78
2/24/2009,12605.43,11810.15,7350.94
2/25/2009,12468.16,11681.55,7270.89
2/26/2009,12322.62,11543.29,7182.08
2/27/2009,12118.19,11351.79,7062.93
3/2/2009,11604.09,10870.2,6763.29
3/3/2009,11540.14,10810.29,6726.02
3/4/2009,11802.64,11054.66,6875.84
3/5/2009,11319.61,10602.24,6594.44
3/6/2009,11375.39,10654.49,6626.94
3/9/2009,11239.34,10526.76,6547.05
3/10/2009,11893.99,11138.98,6926.49
3/11/2009,11910.04,11151.39,6930.4
3/12/2009,12321.9,11537.01,7170.06
3/13/2009,12414.56,11623.77,7223.98
3/16/2009,12402.52,11612.5,7216.97
3/17/2009,12709.67,11900.08,7395.7
3/18/2009,12865.85,12046.31,7486.58
3/19/2009,12718.43,11908.29,7400.8
3/20/2009,12508.05,11711.31,7278.38
3/23/2009,13367.22,12514.56,7775.86
3/24/2009,13168,12328.05,7659.97
3/25/2009,13322.45,12472.64,7749.81
3/26/2009,13622.85,12753.88,7924.56
3/27/2009,13367.77,12515.07,7776.18
3/30/2009,12930.86,12106.03,7522.02
3/31/2009,13080.24,12245.88,7608.92
4/1/2009,13345.23,12493.26,7761.6
4/2/2009,13718.15,12842.18,7978.08
4/3/2009,13786.08,12905.77,8017.59
4/6/2009,13714.32,12838.59,7975.85
4/7/2009,13405.63,12546.34,7789.56
4/8/2009,13487.46,12622.93,7837.11
4/9/2009,13911.29,13019.59,8083.38
4/10/2009,13911.29,13019.59,8083.38
4/13/2009,13867.29,12978.41,8057.81
4/14/2009,13630.43,12756.73,7920.18
4/15/2009,13818.77,12932.99,8029.62
4/16/2009,13989.49,13091.14,8125.43
4/17/2009,13999.64,13100.64,8131.33
4/20/2009,13501.04,12634.05,7841.73
4/21/2009,13721.13,12840.01,7969.56
4/22/2009,13584.21,12710.21,7886.57
4/23/2009,13705.63,12823.81,7957.06
4/24/2009,13911,13015.97,8076.29
4/27/2009,13822.65,12933.31,8025
4/28/2009,13808.79,12920.34,8016.95
4/29/2009,14099.5,13192.34,8185.73
4/30/2009,14069.18,13163.97,8168.12
5/1/2009,14145.46,13235.34,8212.41
5/4/2009,14514.63,13580.77,8426.74
5/5/2009,14488.84,13556.09,8410.65
5/6/2009,14680.04,13730.46,8512.28
5/7/2009,14503.4,13565.24,8409.85
5/8/2009,14787.59,13831.05,8574.65
5/11/2009,14524.45,13583.34,8418.77
5/12/2009,14611.29,13664.56,8469.11
5/13/2009,14307.82,13376.72,8284.89
5/14/2009,14388.01,13451.69,8331.32
5/15/2009,14288.64,13356.29,8268.64
5/18/2009,14695.49,13736.6,8504.08
5/19/2009,14646.76,13690.55,8474.85
5/20/2009,14562.48,13609.81,8422.04
5/21/2009,14344.51,13404.23,8292.13
5/22/2009,14318.88,13380.28,8277.32
5/25/2009,14318.88,13380.28,8277.32
5/26/2009,14658.24,13697.4,8473.49
5/27/2009,14358.15,13416.98,8300.02
5/28/2009,14537.68,13584.74,8403.8
5/29/2009,14704.67,13740.79,8500.33
6/1/2009,15087.15,14098.2,8721.44
6/2/2009,15120.77,14129.61,8740.87
6/3/2009,15007.45,14023.68,8675.28
6/4/2009,15149.35,14152.85,8750.24
6/5/2009,15171.68,14173.7,8763.13
6/8/2009,15179.01,14179.16,8764.49
6/9/2009,15179.47,14178.76,8763.06
6/10/2009,15137.84,14139.87,8739.02
6/11/2009,15198.47,14195,8770.92
6/12/2009,15247.58,14240.87,8799.26
6/15/2009,14923.33,13938.02,8612.13
6/16/2009,14737.11,13764.1,8504.67
6/17/2009,14724.14,13751.99,8497.18
6/18/2009,14826.69,13847.4,8555.6
6/19/2009,14799.19,13821.71,8539.73
6/22/2009,14451.33,13496.83,8339.01
6/23/2009,14423.43,13470.78,8322.91
6/24/2009,14383.49,13433.47,8299.86
6/25/2009,14682.49,13712.72,8472.4
6/26/2009,14627.34,13660.15,8438.39
6/29/2009,14785.07,13807.45,8529.38
6/30/2009,14644.61,13675.63,8447
7/1/2009,14744.19,13768.44,8504.06
7/2/2009,14357,13406.87,8280.74
7/3/2009,14357,13406.87,8280.74
7/6/2009,14433.52,13478.32,8324.87
7/7/2009,14153.9,13217.21,8163.6
7/8/2009,14191.01,13248.66,8178.41
7/9/2009,14199.27,13256.37,8183.17
7/10/2009,14135.67,13197,8146.52
7/13/2009,14456.96,13496.95,8331.68
7/14/2009,14505.21,13542,8359.49
7/15/2009,14950.68,13957.89,8616.21
7/16/2009,15122.14,14116.4,8711.82
7/17/2009,15177.89,14168.44,8743.94
7/20/2009,15358.8,14337.31,8848.15
7/21/2009,15476.47,14447.16,8915.94
7/22/2009,15422.01,14394.71,8881.26
7/23/2009,15748.52,14699.47,9069.29
7/24/2009,15790.12,14738.3,9093.24
7/27/2009,15816.63,14763.04,9108.51
7/28/2009,15796.15,14743.93,9096.72
7/29/2009,15751.01,14701.8,9070.72
7/30/2009,15896.42,14837.52,9154.46
7/31/2009,15926.21,14865.32,9171.61
8/3/2009,16125.81,15051.63,9286.56
8/4/2009,16184.21,15106.14,9320.19
8/5/2009,16125.91,15048.97,9280.97
8/6/2009,16090.17,15013.61,9256.26
8/7/2009,16288.02,15198.22,9370.07
8/10/2009,16232.19,15146.12,9337.95
8/11/2009,16069.89,14993.15,9241.45
8/12/2009,16287.93,15194.04,9361.61
8/13/2009,16351.57,15253.41,9398.19
8/14/2009,16217.98,15128.78,9321.4
8/17/2009,15903.02,14832.52,9135.34
8/18/2009,16048.54,14967.77,9217.94
8/19/2009,16166.98,15074.91,9279.16
8/20/2009,16290.49,15190.08,9350.05
8/21/2009,16568.7,15447.65,9505.96
8/24/2009,16574.49,15453.06,9509.28
8/25/2009,16626.79,15501.81,9539.29
8/26/2009,16634.16,15508.69,9543.52
8/27/2009,16698.84,15568.99,9580.63
8/28/2009,16641.91,15514.08,9544.2
8/31/2009,16558.37,15436.19,9496.28
9/1/2009,16237.5,15136.26,9310.6
9/2/2009,16190.43,15090.95,9280.67
9/3/2009,16301.97,15194.91,9344.61
9/4/2009,16470.59,15352.09,9441.27
9/7/2009,16470.59,15352.09,9441.27
9/8/2009,16572.4,15445.87,9497.34
9/9/2009,16659.44,15526.99,9547.22
9/10/2009,16799.49,15657.52,9627.48
9/11/2009,16766.38,15625.15,9605.41
9/14/2009,16804.77,15660.63,9626.8
9/15/2009,16903.58,15752.71,9683.41
9/16/2009,17092.63,15928.89,9791.71
9/17/2009,17080.36,15917.09,9783.92
9/18/2009,17143.69,15976.1,9820.2
9/21/2009,17071.52,15908.85,9778.86
9/22/2009,17160.58,15991.84,9829.87
9/23/2009,17018.61,15859.55,9748.55
9/24/2009,16946.84,15792.66,9707.44
9/25/2009,16873.09,15723.93,9665.19
9/28/2009,17093.73,15928.47,9789.36
9/29/2009,17011.39,15851.74,9742.2
9/30/2009,16961.5,15804.59,9712.28
10/1/2009,16606.99,15474.26,9509.28
10/2/2009,16569.9,15439.51,9487.67
10/5/2009,16765.64,15621.9,9599.75
10/6/2009,16995.3,15835.89,9731.25
10/7/2009,16997.08,15834.29,9725.58
10/8/2009,17104.2,15934.08,9786.87
10/9/2009,17240.64,16061.18,9864.94
10/12/2009,17277.09,16095.14,9885.8
10/13/2009,17251.34,16071.15,9871.06
10/14/2009,17504.4,16306.9,10015.86
10/15/2009,17586.69,16383.56,10062.94
10/16/2009,17469.53,16274.42,9995.91
10/19/2009,17637.8,16431.18,10092.19
10/20/2009,17549.18,16348.61,10041.48
10/21/2009,17393.93,16202.38,9949.36
10/22/2009,17630.25,16420.93,10081.31
10/23/2009,17439.4,16243.17,9972.18
10/26/2009,17257.14,16073.42,9867.96
10/27/2009,17281.99,16096.56,9882.17
10/28/2009,17073.03,15901.94,9762.69
10/29/2009,17422.61,16227.54,9962.58
10/30/2009,16985.67,15820.57,9712.73
11/2/2009,17119.82,15945.52,9789.44
11/3/2009,17089.16,15916.96,9771.91
11/4/2009,17151.97,15972.68,9802.14
11/5/2009,17508.63,16304.82,10005.96
11/6/2009,17546.47,16338.02,10023.42
11/9/2009,17908.42,16673.45,10226.94
11/10/2009,17948.92,16709.65,10246.97
11/11/2009,18026.5,16781.87,10291.26
11/12/2009,17862.22,16628.93,10197.47
11/13/2009,17990.09,16747.98,10270.47
11/16/2009,18238.3,16976.49,10406.96
11/17/2009,18293.4,17027.3,10437.42
11/18/2009,18285.78,17016.9,10426.31
11/19/2009,18121.16,16863.7,10332.44
11/20/2009,18102.6,16844.61,10318.16
11/23/2009,18335.56,17061.39,10450.95
11/24/2009,18305.33,17033.26,10433.71
11/25/2009,18359.16,17083.35,10464.4
11/26/2009,18359.16,17083.35,10464.4
11/27/2009,18100.69,16839.34,10309.92
11/30/2009,18161.99,16896.37,10344.84
12/1/2009,18387.53,17105.34,10471.58
12/2/2009,18354.48,17074.56,10452.68
12/3/2009,18202.53,16933.21,10366.15
12/4/2009,18242.48,16970.37,10388.9
12/7/2009,18244.6,16972.34,10390.11
12/8/2009,18066.07,16805.05,10285.97
12/9/2009,18159.44,16890.89,10337.05
12/10/2009,18284.93,17006.31,10405.83
12/11/2009,18405.41,17116.95,10471.5
12/14/2009,18458.42,17165.94,10501.05
12/15/2009,18372.2,17085.76,10452
12/16/2009,18353.07,17067.97,10441.12
12/17/2009,18119.53,16850.79,10308.26
12/18/2009,18155.8,16884.52,10328.89
12/21/2009,18305.65,17023.87,10414.14
12/22/2009,18394.92,17106.89,10464.93
12/23/2009,18398.9,17110.23,10466.44
12/24/2009,18493.23,17197.94,10520.1
12/25/2009,18493.23,17197.94,10520.1
12/28/2009,18544.52,17244.57,10547.08
12/29/2009,18541.6,17241.85,10545.41
12/30/2009,18547.05,17246.91,10548.51
12/31/2009,18335.23,17049.95,10428.05
1/1/2010,18335.23,17049.95,10428.05
1/4/2010,18610.04,17305.31,10583.96
1/5/2010,18589.04,17285.78,10572.02
1/6/2010,18603.87,17296.25,10573.68
1/7/2010,18664.65,17352.08,10606.86
1/8/2010,18684.59,17370.63,10618.19
1/11/2010,18765.18,17445.55,10663.99
1/12/2010,18700.55,17385.46,10627.26
1/13/2010,18794.71,17473,10680.77
1/14/2010,18847.1,17521.71,10710.55
1/15/2010,18675.1,17360.26,10609.65
1/18/2010,18675.1,17360.26,10609.65
1/19/2010,18878.9,17549.7,10725.43
1/20/2010,18669.45,17353.39,10603.15
1/21/2010,18293.93,17004.34,10389.88
1/22/2010,17912.03,16649.36,10172.98
1/25/2010,17954.08,16688.44,10196.86
1/26/2010,17949.55,16684.24,10194.29
1/27/2010,18023.27,16752.76,10236.16
1/28/2010,17819.54,16563.39,10120.46
1/29/2010,17726,16476.44,10067.33
2/1/2010,17934.12,16669.89,10185.53
2/2/2010,18130.12,16852.08,10296.85
2/3/2010,18094.28,16815.84,10270.55
2/4/2010,17621.48,16376.45,10002.18
2/5/2010,17639.19,16392.91,10012.23
2/8/2010,17469.03,16231.21,9908.39
2/9/2010,17733.92,16477.33,10058.64
2/10/2010,17703.67,16447.69,10038.38
2/11/2010,17890.26,16621.05,10144.19
2/12/2010,17819.85,16553.12,10099.14
2/15/2010,17819.85,16553.12,10099.14
2/16/2010,18120.99,16832.36,10268.81
2/17/2010,18205.07,16906.91,10309.24
2/18/2010,18352.81,17044.11,10392.9
2/19/2010,18376.03,17063.86,10402.35
2/22/2010,18342.53,17032.74,10383.38
2/23/2010,18164.16,16867.12,10282.41
2/24/2010,18326.24,17017.62,10374.16
2/25/2010,18241.02,16936.08,10321.03
2/26/2010,18248.5,16943.03,10325.26
3/1/2010,18387.28,17071.88,10403.79
3/2/2010,18391.15,17075.47,10405.98
3/3/2010,18374.99,17060.43,10396.76
3/4/2010,18458.74,17138.19,10444.14
3/5/2010,18674.45,17338.47,10566.2
3/8/2010,18654.68,17318.88,10552.52
3/9/2010,18678.81,17340.41,10564.38
3/10/2010,18688.07,17347.88,10567.33
3/11/2010,18777.8,17428.11,10611.84
3/12/2010,18800.54,17449.21,10624.69
3/15/2010,18832.5,17478.57,10642.15
3/16/2010,18910.07,17550.57,10685.98
3/17/2010,18994.46,17628.89,10733.67
3/18/2010,19074.97,17703.61,10779.17
3/19/2010,19009.17,17642.54,10741.98
3/22/2010,19086.87,17714.66,10785.89
3/23/2010,19269.02,17883.71,10888.83
3/24/2010,19175.81,17797.2,10836.15
3/25/2010,19184.77,17805.51,10841.21
3/26/2010,19200.95,17820.53,10850.36
3/29/2010,19285.36,17897.79,10895.86
3/30/2010,19308.23,17918.35,10907.42
3/31/2010,19218.33,17834.92,10856.63
4/1/2010,19343.69,17951.06,10927.07
4/2/2010,19343.69,17951.06,10927.07
4/5/2010,19425.97,18027.42,10973.55
4/6/2010,19419.68,18021.58,10969.99
4/7/2010,19303.28,17910.25,10897.52
4/8/2010,19355.62,17958.81,10927.07
4/9/2010,19480.12,18074.33,10997.35
4/12/2010,19495.38,18088.49,11005.97
4/13/2010,19519.21,18110.6,11019.42
4/14/2010,19702.88,18281.01,11123.11
4/15/2010,19740.9,18316.29,11144.57
4/16/2010,19517.87,18109.36,11018.66
4/19/2010,19647.86,18229.96,11092.05
4/20/2010,19692.17,18271.07,11117.06
4/21/2010,19706.09,18283.99,11124.92
4/22/2010,19728.32,18303.05,11134.29
4/23/2010,19852.32,18418.09,11204.28
4/26/2010,19853.66,18419.33,11205.03
4/27/2010,19476.17,18069.12,10991.99
4/28/2010,19577.06,18160.91,11045.27
4/29/2010,19793.4,18361.6,11167.32
4/30/2010,19512.1,18100.65,11008.61
5/3/2010,19765.94,18336.12,11151.83
5/4/2010,19367.03,17966.07,10926.77
5/5/2010,19273.58,17876.46,10868.12
5/6/2010,18665.23,17309.86,10520.32
5/7/2010,18417.04,17079.69,10380.43
5/10/2010,19135.07,17745.58,10785.14
5/11/2010,19075.52,17688.72,10748.26
5/12/2010,19354.82,17943.41,10896.91
5/13/2010,19152.4,17755.75,10782.95
5/14/2010,18863.26,17487.69,10620.16
5/17/2010,18883,17503.3,10625.83
5/18/2010,18680.59,17315.2,10510.95
5/19/2010,18569.27,17210.06,10444.37
5/20/2010,17900.12,16589.9,10068.01
5/21/2010,18123.04,16796.5,10193.39
5/24/2010,17897.57,16587.53,10066.57
5/25/2010,17856.99,16549.92,10043.75
5/26/2010,17733.78,16435.73,9974.45
5/27/2010,18254.74,16914.37,10258.99
5/28/2010,18037.02,16712.63,10136.63
5/31/2010,18037.02,16712.63,10136.63
6/1/2010,17839.79,16529.01,10024.02
6/2/2010,18241.28,16900.96,10249.54
6/3/2010,18251.5,16910.44,10255.28
6/4/2010,17676.11,16377.32,9931.97
6/7/2010,17470.59,16186.9,9816.49
6/8/2010,17695.27,16393.71,9939.98
6/9/2010,17622.75,16326.52,9899.25
6/10/2010,18109.24,16777.23,10172.53
6/11/2010,18188.94,16847.99,10211.07
6/14/2010,18154.07,16815.39,10190.89
6/15/2010,18535.07,17168.29,10404.77
6/16/2010,18543.42,17176.03,10409.46
6/17/2010,18588.79,17217.68,10434.17
6/18/2010,18618.14,17244.86,10450.64
6/21/2010,18603.47,17231.27,10442.41
6/22/2010,18338.23,16985.6,10293.52
6/23/2010,18346.98,16993.7,10298.44
6/24/2010,18087.53,16753.39,10152.8
6/25/2010,18071.51,16738.55,10143.81
6/28/2010,18065.99,16732.35,10138.52
6/29/2010,17588.05,16289.7,9870.3
6/30/2010,17418.88,16132.35,9774.02
7/1/2010,17345.61,16064.3,9732.53
7/2/2010,17263.54,15988.3,9686.48
7/5/2010,17263.54,15988.3,9686.48
7/6/2010,17365.38,16082.61,9743.62
7/7/2010,17867.3,16544,10018.28
7/8/2010,18082.59,16743.35,10138.99
7/9/2010,18187.88,16840.83,10198.03
7/12/2010,18220.41,16870.95,10216.27
7/13/2010,18482.13,17113.29,10363.02
7/14/2010,18488.74,17119.42,10366.72
7/15/2010,18475.52,17107.17,10359.31
7/16/2010,18015.09,16679.24,10097.9
7/19/2010,18115.95,16772.62,10154.43
7/20/2010,18250.7,16897.38,10229.96
7/21/2010,18061.9,16720.79,10120.53
7/22/2010,18422,17054.15,10322.3
7/23/2010,18604.61,17223.2,10424.62
7/26/2010,18784.53,17389.76,10525.43
7/27/2010,18806.41,17410.01,10537.69
7/28/2010,18735.36,17344.24,10497.88
7/29/2010,18680.52,17293.48,10467.16
7/30/2010,18678.36,17291.47,10465.94
8/2/2010,19050.34,17635.84,10674.38
8/3/2010,18982.54,17573.07,10636.38
8/4/2010,19071.84,17652.77,10680.43
8/5/2010,19062.11,17643.76,10674.98
8/6/2010,19032.63,17614.04,10653.56
8/9/2010,19113.35,17688.74,10698.75
8/10/2010,19016,17598.65,10644.25
8/11/2010,18557.03,17169.67,10378.83
8/12/2010,18451.75,17072.26,10319.95
8/13/2010,18421.71,17044.46,10303.15
8/16/2010,18419.68,17042.58,10302.01
8/17/2010,18616.97,17221.89,10405.85
8/18/2010,18647.18,17246.26,10415.54
8/19/2010,18388.79,17007.28,10271.21
8/20/2010,18285.67,16911.92,10213.62
8/23/2010,18215.49,16847,10174.41
8/24/2010,17975.66,16625.19,10040.45
8/25/2010,18010.75,16657.65,10060.06
8/26/2010,17877.83,16534.71,9985.81
8/27/2010,18180.38,16812.47,10150.65
8/30/2010,17935.34,16583.82,10009.73
8/31/2010,17947.49,16594.17,10014.72
9/1/2010,18404.17,17016.38,10269.47
9/2/2010,18494.91,17100.27,10320.1
9/3/2010,18724,17312.08,10447.93
9/6/2010,18724,17312.08,10447.93
9/7/2010,18531.8,17134.38,10340.69
9/8/2010,18619.72,17214.31,10387.01
9/9/2010,18670.32,17261.09,10415.24
9/10/2010,18755.52,17339.86,10462.77
9/13/2010,18913.68,17482.67,10544.13
9/14/2010,18882.05,17453.43,10526.49
9/15/2010,18965,17530.1,10572.73
9/16/2010,19006.27,17567.8,10594.83
9/17/2010,19029.62,17589.38,10607.85
9/20/2010,19291.12,17831.08,10753.62
9/21/2010,19304.42,17843.38,10761.03
9/22/2010,19265.46,17807.37,10739.31
9/23/2010,19127.51,17679.86,10662.42
9/24/2010,19482.42,18007.91,10860.26
9/27/2010,19395.93,17927.97,10812.04
9/28/2010,19482.57,18006.95,10858.14
9/29/2010,19441.56,17969.05,10835.28
9/30/2010,19356.82,17890.73,10788.05
10/1/2010,19431.51,17959.76,10829.68
10/4/2010,19291.5,17830.16,10751.27
10/5/2010,19638.61,18150.98,10944.72
10/6/2010,19694.57,18198.59,10967.65
10/7/2010,19660.32,18166.94,10948.58
10/8/2010,19764.28,18263.01,11006.48
10/11/2010,19771.22,18269.42,11010.34
10/12/2010,19789.29,18286.12,11020.4
10/13/2010,19925.2,18411.7,11096.08
10/14/2010,19922.48,18409.19,11094.57
10/15/2010,19865.4,18356.45,11062.78
10/18/2010,20010.68,18490.69,11143.69
10/19/2010,19714.27,18216.8,10978.62
10/20/2010,19953.16,18435.7,11107.97
10/21/2010,20028.5,18503.65,11146.57
10/22/2010,20003.34,18480.41,11132.56
10/25/2010,20059.91,18532.67,11164.05
10/26/2010,20069.63,18541.65,11169.46
10/27/2010,19992.05,18469.98,11126.28
10/28/2010,19969.89,18449.5,11113.95
10/29/2010,19978.05,18457.04,11118.49
11/1/2010,19989.06,18467.21,11124.62
11/2/2010,20104.24,18573.63,11188.72
11/3/2010,20159.99,18622.83,11215.13
11/4/2010,20557.43,18989.28,11434.84
11/5/2010,20574.03,19004.61,11444.08
11/8/2010,20515.9,18948.47,11406.84
11/9/2010,20413.78,18852.5,11346.75
11/10/2010,20437.89,18873.22,11357.04
11/11/2010,20304.82,18750.34,11283.1
11/12/2010,20141.93,18599.92,11192.58
11/15/2010,20158.82,18615.51,11201.97
11/16/2010,19849.47,18326.57,11023.5
11/17/2010,19834.26,18308.95,11007.88
11/18/2010,20146.61,18597.28,11181.23
11/19/2010,20186.84,18634.41,11203.55
11/22/2010,20141.84,18592.87,11178.58
11/23/2010,19885.6,18356.34,11036.37
11/24/2010,20157.52,18607.35,11187.28
11/25/2010,20157.52,18607.35,11187.28
11/26/2010,19993.14,18453.59,11092
11/29/2010,19936.21,18397.08,11052.49
11/30/2010,19855.6,18321.81,11006.02
12/1/2010,20306.32,18737.67,11255.78
12/2/2010,20498.7,18915.19,11362.41
12/3/2010,20534.2,18947.95,11382.09
12/6/2010,20498.29,18914.81,11362.19
12/7/2010,20492.83,18909.77,11359.16
12/8/2010,20525.92,18937.8,11372.48
12/9/2010,20527.01,18937.3,11370.06
12/10/2010,20599.7,19004.36,11410.32
12/13/2010,20638.93,19038.8,11428.56
12/14/2010,20725.58,19118.74,11476.54
12/15/2010,20691.14,19086.96,11457.47
12/16/2010,20766.59,19156.56,11499.25
12/17/2010,20753.33,19144.33,11491.91
12/20/2010,20728.45,19121.38,11478.13
12/21/2010,20827.82,19213.04,11533.16
12/22/2010,20877.3,19258.16,11559.49
12/23/2010,20902.59,19281.49,11573.49
12/24/2010,20902.59,19281.49,11573.49
12/27/2010,20869.23,19250.72,11555.03
12/28/2010,20906.28,19284.89,11575.54
12/29/2010,20928.02,19303.84,11585.38
12/30/2010,20899.72,19277.74,11569.71
12/31/2010,20913.8,19290.73,11577.51
1/3/2011,21082.23,19446.09,11670.75
1/4/2011,21119.83,19480.58,11691.18
1/5/2011,21179.58,19535.01,11722.89
1/6/2011,21145.89,19500.47,11697.31
1/7/2011,21105.12,19462.87,11674.76
1/10/2011,21037.67,19400.67,11637.45
1/11/2011,21099.92,19458.08,11671.88
1/12/2011,21250.97,19597.37,11755.44
1/13/2011,21208.42,19558.13,11731.9
1/14/2011,21308.7,19650.61,11787.38
1/17/2011,21308.7,19650.61,11787.38
1/18/2011,21406.14,19738.8,11837.93
1/19/2011,21389.88,19721.98,11825.29
1/20/2011,21385.36,19717.81,11822.8
1/21/2011,21474.07,19799.61,11871.84
1/24/2011,21670.66,19980.86,11980.52
1/25/2011,21664.63,19975.31,11977.19
1/26/2011,21679.55,19989.07,11985.44
1/27/2011,21687.49,19996.39,11989.83
1/28/2011,21387,19719.33,11823.7
1/31/2011,21510.42,19833.12,11891.93
2/1/2011,21778.53,20080.33,12040.16
2/2/2011,21784.97,20085.39,12041.97
2/3/2011,21824.15,20120.82,12062.26
2/4/2011,21878.23,20170.69,12092.15
2/7/2011,22003.94,20286.58,12161.63
2/8/2011,22148.37,20415.58,12233.15
2/9/2011,22166.32,20430.54,12239.89
2/10/2011,22147.13,20412.85,12229.29
2/11/2011,22232.41,20489.89,12273.26
2/14/2011,22233.09,20487.79,12268.19
2/15/2011,22159.98,20419.81,12226.64
2/16/2011,22284.95,20531.25,12288.17
2/17/2011,22339.3,20581.32,12318.14
2/18/2011,22471.89,20703.48,12391.25
2/21/2011,22471.89,20703.48,12391.25
2/22/2011,22148.24,20405.3,12212.79
2/23/2011,21954.17,20226.5,12105.78
2/24/2011,21888.49,20165.45,12068.5
2/25/2011,22016.72,20279.2,12130.45
2/28/2011,22190.76,20439.51,12226.34
3/1/2011,21885.26,20158.12,12058.02
3/2/2011,21901.33,20172.88,12066.8
3/3/2011,22248.73,20492.86,12258.2
3/4/2011,22088.42,20345.21,12169.88
3/7/2011,21943.5,20211.72,12090.03
3/8/2011,22177.66,20425.06,12214.38
3/9/2011,22180.34,20426.15,12213.09
3/10/2011,21765.38,20044.01,11984.61
3/11/2011,21885.71,20151.57,12044.4
3/14/2011,21793.71,20066.55,11993.16
3/15/2011,21543.4,19836.09,11855.42
3/16/2011,21103.44,19430.99,11613.3
3/17/2011,21396.52,19700.85,11774.59
3/18/2011,21549.04,19841.28,11858.52
3/21/2011,21872.51,20139.11,12036.53
3/22/2011,21839.99,20109.17,12018.63
3/23/2011,21962.46,20221.93,12086.02
3/24/2011,22116.08,20363.38,12170.56
3/25/2011,22206.98,20447.08,12220.59
3/28/2011,22165.73,20409.09,12197.88
3/29/2011,22318,20547.96,12279.01
3/30/2011,22448.14,20667.77,12350.61
3/31/2011,22392.01,20616.1,12319.73
4/1/2011,22495.59,20711.47,12376.72
4/4/2011,22541.41,20752.7,12400.03
4/5/2011,22530.27,20742.44,12393.9
4/6/2011,22605.12,20807.17,12426.75
4/7/2011,22573.74,20778.28,12409.49
4/8/2011,22520.18,20728.98,12380.05
4/11/2011,22522.11,20730.76,12381.11
4/12/2011,22308.3,20533.96,12263.58
4/13/2011,22321.79,20546.37,12270.99
4/14/2011,22347.54,20570.07,12285.15
4/15/2011,22450.66,20664.99,12341.83
4/18/2011,22195.55,20430.17,12201.59
4/19/2011,22314.08,20539.28,12266.75
4/20/2011,22660.01,20855.99,12453.54
4/21/2011,22755.45,20943.83,12505.99
4/22/2011,22755.45,20943.83,12505.99
4/25/2011,22707.94,20900.1,12479.88
4/26/2011,22918.08,21093.52,12595.37
4/27/2011,23099.3,21258.29,12690.96
4/28/2011,23230.99,21379.49,12763.31
4/29/2011,23316.95,21458.6,12810.54
5/2/2011,23311.16,21453.27,12807.36
5/3/2011,23311.44,21453.53,12807.51
5/4/2011,23161.15,21314.53,12723.58
5/5/2011,22907.38,21080.99,12584.17
5/6/2011,23017.09,21179.09,12638.74
5/9/2011,23100.76,21256.08,12684.68
5/10/2011,23238.59,21382.9,12760.36
5/11/2011,23026.71,21180.91,12630.03
5/12/2011,23147.24,21291.66,12695.92
5/13/2011,22964.62,21123.68,12595.75
5/16/2011,22878.24,21044.22,12548.37
5/17/2011,22765.72,20937.16,12479.58
5/18/2011,22927.08,21081.61,12560.18
5/19/2011,23009.49,21157.38,12605.32
5/20/2011,22839.21,21000.81,12512.04
5/23/2011,22600.49,20781.31,12381.26
5/24/2011,22554.76,20739.26,12356.21
5/25/2011,22624.94,20803.79,12394.66
5/26/2011,22647.61,20822.45,12402.76
5/27/2011,22726.96,20893.08,12441.58
5/30/2011,22726.96,20893.08,12441.58
5/31/2011,22961.16,21108.38,12569.79
6/1/2011,22450.46,20638.85,12290.14
6/2/2011,22374.49,20569.01,12248.55
6/3/2011,22196.77,20405.63,12151.26
6/6/2011,22084.79,20302.69,12089.96
6/7/2011,22049.81,20270.53,12070.81
6/8/2011,22015.51,20237.44,12048.94
6/9/2011,22153.32,20364.11,12124.36
6/10/2011,21838.23,20074.48,11951.91
6/13/2011,21853.59,20084.89,11952.97
6/14/2011,22082.21,20294.05,12076.11
6/15/2011,21755.19,19993.51,11897.27
6/16/2011,21874.77,20102.83,11961.52
6/17/2011,21953.11,20174.82,12004.36
6/20/2011,22092.14,20302.59,12080.38
6/21/2011,22292.62,20486.83,12190.01
6/22/2011,22145.71,20351.82,12109.67
6/23/2011,22036.57,20251.52,12050
6/24/2011,21825.5,20057.55,11934.58
6/27/2011,22024.81,20240.71,12043.56
6/28/2011,22294.26,20487.22,12188.69
6/29/2011,22429.8,20611.09,12261.42
6/30/2011,22709.54,20868.14,12414.34
7/1/2011,23021.16,21153.52,12582.77
7/4/2011,23021.16,21153.52,12582.77
7/5/2011,22998.38,21132.36,12569.87
7/6/2011,23113.9,21234.99,12626.02
7/7/2011,23285.01,21392.19,12719.49
7/8/2011,23170.98,21287.43,12657.2
7/11/2011,22893.74,21032.73,12505.76
7/12/2011,22785.95,20933.7,12446.88
7/13/2011,22867.83,21008.92,12491.61
7/14/2011,22768.08,20917.28,12437.12
7/15/2011,22846.08,20988.94,12479.73
7/18/2011,22679.29,20833.96,12385.16
7/19/2011,23049.67,21174.21,12587.42
7/20/2011,23028.53,21152.78,12571.91
7/21/2011,23307.87,21409.37,12724.41
7/22/2011,23228.64,21336.6,12681.16
7/25/2011,23066.79,21187.93,12592.8
7/26/2011,22899.18,21033.97,12501.3
7/27/2011,22535.13,20699.58,12302.55
7/28/2011,22420.76,20594.52,12240.11
7/29/2011,22243.31,20431.52,12143.24
8/1/2011,22223.63,20413.44,12132.49
8/2/2011,21736.61,19966.09,11866.62
8/3/2011,21797.35,20020.2,11896.44
8/4/2011,20857.85,19157.3,11383.68
8/5/2011,20969.48,19259.83,11444.61
8/8/2011,19816.27,18197.93,10809.85
8/9/2011,20604.38,18921.68,11239.77
8/10/2011,19668.07,18057.25,10719.94
8/11/2011,20450.76,18774.21,11143.31
8/12/2011,20681.47,18986,11269.02
8/15/2011,21073.99,19346.35,11482.9
8/16/2011,20934.94,19218.09,11405.93
8/17/2011,20967.97,19241.47,11410.21
8/18/2011,20196.85,18533.84,10990.58
8/19/2011,19879.05,18242.21,10817.65
8/22/2011,19947.06,18304.62,10854.65
8/23/2011,20538.98,18847.8,11176.76
8/24/2011,20803.51,19090.55,11320.71
8/25/2011,20489.47,18802.37,11149.82
8/26/2011,20745.06,19034.7,11284.54
8/29/2011,21213.31,19464.35,11539.25
8/30/2011,21263.36,19506.96,11559.95
8/31/2011,21362.06,19597.47,11613.53
9/1/2011,21141.41,19395.05,11493.57
9/2/2011,20675.46,18967.59,11240.26
9/5/2011,20675.46,18967.59,11240.26
9/6/2011,20489.75,18797.22,11139.3
9/7/2011,21002.48,19265.98,11414.86
9/8/2011,20783.43,19065.05,11295.81
9/9/2011,20224.69,18552.5,10992.13
9/12/2011,20353.3,18670.01,11061.12
9/13/2011,20447.49,18753.15,11105.85
9/14/2011,20706.88,18991.04,11246.73
9/15/2011,21052.28,19307.24,11433.18
9/16/2011,21192.06,19435.43,11509.09
9/19/2011,20993.05,19252.92,11401.01
9/20/2011,21007.13,19265.83,11408.66
9/21/2011,20484.53,18786.55,11124.84
9/22/2011,19764.54,18126.24,10733.83
9/23/2011,19833.87,18189.82,10771.48
9/26/2011,20335.42,18649.8,11043.86
9/27/2011,20605.78,18897.74,11190.69
9/28/2011,20278.71,18596.69,11010.9
9/29/2011,20542.22,18838.34,11153.98
9/30/2011,20099.11,18431.99,10913.38
10/3/2011,19623.81,17996.11,10655.3
10/4/2011,19910.72,18258.02,10808.71
10/5/2011,20168.15,18489.76,10939.95
10/6/2011,20506.22,18799.7,11123.33
10/7/2011,20468.96,18765.55,11103.12
10/10/2011,21077.43,19323.38,11433.18
10/11/2011,21046.32,19294.85,11416.3
10/12/2011,21235.37,19468.17,11518.85
10/13/2011,21160.31,19399.36,11478.13
10/14/2011,21466.98,19680.51,11644.49
10/17/2011,21010.74,19262.23,11397
10/18/2011,21342.67,19566.54,11577.05
10/19/2011,21216.42,19448.8,11504.62
10/20/2011,21291.4,19515.75,11541.78
10/21/2011,21783.96,19967.24,11808.79
10/24/2011,21977.32,20144.48,11913.62
10/25/2011,21595.48,19794.48,11706.62
10/26/2011,21895.09,20069.1,11869.04
10/27/2011,22521.4,20643.18,12208.55
10/28/2011,22563.01,20681.32,12231.11
10/31/2011,22053.69,20214.48,11955.01
11/1/2011,21505.7,19712.19,11657.96
11/2/2011,21834.64,20013.58,11836.04
11/3/2011,22222.13,20367.93,12044.47
11/4/2011,22109.17,20264.39,11983.24
11/7/2011,22266.26,20408.38,12068.39
11/8/2011,22480.01,20597.15,12170.18
11/9/2011,21761.03,19938.39,11780.94
11/10/2011,21975.26,20133.08,11893.79
11/11/2011,22455.45,20573.02,12153.68
11/14/2011,22317.43,20446.58,12078.98
11/15/2011,22351.97,20477.45,12096.16
11/16/2011,22017.6,20166.23,11905.59
11/17/2011,21768.18,19937.79,11770.73
11/18/2011,21815.21,19980.86,11796.16
11/21/2011,21355,19559.35,11547.31
11/22/2011,21263.57,19473.5,11493.72
11/23/2011,20826.66,19073.37,11257.55
11/24/2011,20826.66,19073.37,11257.55
11/25/2011,20786.95,19034.81,11231.78
11/28/2011,21325.93,19528.37,11523.01
11/29/2011,21406.83,19596.8,11555.63
11/30/2011,22314.79,20427.95,12045.68
12/1/2011,22267.26,20384.44,12020.03
12/2/2011,22266.14,20383.42,12019.42
12/5/2011,22411.39,20516.39,12097.83
12/6/2011,22508.28,20605.08,12150.13
12/7/2011,22604.85,20690.49,12196.37
12/8/2011,22236.64,20353.46,11997.7
12/9/2011,22582.41,20669.95,12184.26
12/12/2011,22282.21,20394.71,12021.39
12/13/2011,22164.9,20285.73,11954.94
12/14/2011,21929.49,20067.99,11823.48
12/15/2011,22013.58,20144.94,11868.81
12/16/2011,22009.08,20140.83,11866.39
12/19/2011,21823.37,19970.88,11766.26
12/20/2011,22449.01,20543.42,12103.58
12/21/2011,22456.73,20550.48,12107.74
12/22/2011,22573.96,20657.1,12169.65
12/23/2011,22804.61,20868.17,12294
12/26/2011,22804.61,20868.17,12294
12/27/2011,22799.7,20863.67,12291.35
12/28/2011,22544.15,20628.71,12151.41
12/29/2011,22795.77,20858.95,12287.04
12/30/2011,22666.87,20741.01,12217.56
1/2/2012,22666.87,20741.01,12217.56
1/3/2012,23001.35,21046.83,12397.38
1/4/2012,23046.43,21086.42,12418.42
1/5/2012,23041.38,21081.8,12415.7
1/6/2012,22951.01,20995.51,12359.92
1/9/2012,23011.86,21051.17,12392.69
1/10/2012,23141.44,21169.71,12462.47
1/11/2012,23117.27,21147.6,12449.45
1/12/2012,23157.32,21184.24,12471.02
1/13/2012,23066.39,21101.06,12422.06
1/16/2012,23066.39,21101.06,12422.06
1/17/2012,23177.84,21203.01,12482.07
1/18/2012,23371.68,21376.5,12578.95
1/19/2012,23455.35,21453.03,12623.98
1/20/2012,23634.64,21617.01,12720.48
1/23/2012,23612.98,21597.21,12708.82
1/24/2012,23551.53,21541,12675.75
1/25/2012,23702.42,21679,12756.96
1/26/2012,23660.93,21641.06,12734.63
1/27/2012,23523.13,21515.02,12660.46
1/30/2012,23510.61,21503.57,12653.72
1/31/2012,23471.94,21468.2,12632.91
2/1/2012,23630.73,21612.46,12716.46
2/2/2012,23610.19,21593.68,12705.41
2/3/2012,23904.59,21862.11,12862.23
2/6/2012,23872.8,21833.04,12845.13
2/7/2012,23934.27,21889.26,12878.2
2/8/2012,23968.34,21914,12883.95
2/9/2012,23980.45,21925.07,12890.46
2/10/2012,23814.45,21773.3,12801.23
2/13/2012,23955.7,21900.85,12874.04
2/14/2012,23966.41,21909.87,12878.28
2/15/2012,23811.59,21761.11,12780.95
2/16/2012,24041,21970.76,12904.08
2/17/2012,24126.3,22048.72,12949.87
2/20/2012,24126.3,22048.72,12949.87
2/21/2012,24155.77,22075.66,12965.69
2/22/2012,24105.44,22029.65,12938.67
2/23/2012,24193.57,22109.54,12984.69
2/24/2012,24198.37,22111.72,12982.95
2/27/2012,24195.69,22109.27,12981.51
2/28/2012,24249.6,22155.81,13005.12
2/29/2012,24150.81,22065.52,12952.07
3/1/2012,24203.45,22113.61,12980.3
3/2/2012,24198.37,22108.97,12977.57
3/5/2012,24170.85,22083.83,12962.81
3/6/2012,23795.12,21739.44,12759.15
3/7/2012,23946.75,21876.37,12837.33
3/8/2012,24084.11,22000.31,12907.94
3/9/2012,24110.38,22024.3,12922.02
3/12/2012,24182.4,22089.63,12959.71
3/13/2012,24602.48,22469.7,13177.68
3/14/2012,24633.15,22497.7,13194.1
3/15/2012,24742.65,22597.71,13252.76
3/16/2012,24705.07,22563.39,13232.62
3/19/2012,24717.22,22574.48,13239.13
3/20/2012,24588.5,22456.92,13170.19
3/21/2012,24503.43,22379.23,13124.62
3/22/2012,24356.91,22245.41,13046.14
3/23/2012,24421.48,22304.38,13080.73
3/26/2012,24721.88,22578.74,13241.63
3/27/2012,24639.93,22503.89,13197.73
3/28/2012,24510.48,22384.55,13126.21
3/29/2012,24547.08,22417.98,13145.82
3/30/2012,24670.74,22530.91,13212.04
4/2/2012,24768.67,22620.35,13264.49
4/3/2012,24655.58,22514.83,13199.55
4/4/2012,24422.46,22301.95,13074.75
4/5/2012,24408.46,22285.52,13060.14
4/6/2012,24408.46,22285.52,13060.14
4/9/2012,24164.46,22062.75,12929.59
4/10/2012,23765.16,21698.17,12715.93
4/11/2012,23932.35,21850.82,12805.39
4/12/2012,24270.97,22159.99,12986.58
4/13/2012,24014.95,21926.24,12849.59
4/16/2012,24149.18,22048.8,12921.41
4/17/2012,24512,22380.06,13115.54
4/18/2012,24357.25,22238.77,13032.75
4/19/2012,24235.43,22125.78,12964.1
4/20/2012,24357.25,22236.99,13029.26
4/23/2012,24166.39,22062.74,12927.17
4/24/2012,24305.47,22189.71,13001.56
4/25/2012,24480.15,22346.99,13090.72
4/26/2012,24693.15,22541.43,13204.62
4/27/2012,24737.45,22581.87,13228.31
4/30/2012,24709.99,22556.81,13213.63
5/1/2012,24832.84,22668.95,13279.32
5/2/2012,24812.74,22650.61,13268.57
5/3/2012,24699.79,22546.68,13206.59
5/4/2012,24384.99,22259.32,13038.27
5/7/2012,24329.36,22208.54,13008.53
5/8/2012,24198.36,22085.69,12932.09
5/9/2012,24031.68,21929.49,12835.06
5/10/2012,24077.61,21969.06,12855.04
5/11/2012,24019.19,21914.1,12820.6
5/14/2012,23784.53,21700,12695.35
5/15/2012,23668.67,21593.52,12632
5/16/2012,23633.89,21554.15,12598.55
5/17/2012,23341.13,21287.16,12442.49
5/18/2012,23203.98,21162.08,12369.38
5/21/2012,23457.41,21393.2,12504.48
5/22/2012,23454.29,21390.35,12502.81
5/23/2012,23441.79,21378.96,12496.15
5/24/2012,23513.52,21441.99,12529.75
5/25/2012,23372.91,21313.77,12454.83
5/28/2012,23372.91,21313.77,12454.83
5/29/2012,23613.26,21531.81,12580.69
5/30/2012,23311.54,21256.65,12419.86
5/31/2012,23271.89,21217.78,12393.45
6/1/2012,22755.73,20747.18,12118.57
6/4/2012,22723.61,20717.89,12101.46
6/5/2012,22773.35,20763.24,12127.95
6/6/2012,23318.66,21258.59,12414.79
6/7/2012,23405.37,21337.64,12460.96
6/8/2012,23580.51,21497.31,12554.2
6/11/2012,23313.83,21253.68,12411.23
6/12/2012,23619.21,21532.07,12573.8
6/13/2012,23486.92,21407.87,12496.38
6/14/2012,23779.24,21674.32,12651.91
6/15/2012,23995.88,21871.78,12767.17
6/18/2012,23948.22,21828.35,12741.82
6/19/2012,24127.74,21991.97,12837.33
6/20/2012,24103.42,21969.8,12824.39
6/21/2012,23634.38,21541.64,12573.57
6/22/2012,23760.71,21656.78,12640.78
6/25/2012,23501.08,21420.14,12502.66
6/26/2012,23561.26,21474.99,12534.67
6/27/2012,23738.97,21635.83,12627.01
6/28/2012,23692.45,21593.42,12602.26
6/29/2012,24214.78,22069.48,12880.09
7/2/2012,24199.55,22055.29,12871.39
7/3/2012,24342.88,22183.97,12943.82
7/4/2012,,22183.97,
7/5/2012,24254.21,22103.16,12896.67
7/6/2012,24033.9,21898.76,12772.47
7/9/2012,23965.82,21836.73,12736.29
7/10/2012,23809.31,21694.12,12653.12
7/11/2012,23717.88,21610.82,12604.53
7/12/2012,23659.07,21557.23,12573.27
7/13/2012,24042.58,21906.67,12777.09
7/16/2012,23948.73,21821.16,12727.21
7/17/2012,24096.13,21955.46,12805.54
7/18/2012,24305.78,22142.24,12908.7
7/19/2012,24371.05,22201.7,12943.36
7/20/2012,24143.61,21994.5,12822.57
7/23/2012,23953.23,21821.07,12721.46
7/24/2012,23757.14,21642.43,12617.32
7/25/2012,23867.73,21743.17,12676.05
7/26/2012,24266.67,22106.6,12887.93
7/27/2012,24620.15,22428.62,13075.66
7/30/2012,24615.16,22424.08,13073.01
7/31/2012,24494.03,22313.73,13008.68
8/1/2012,24426.76,22251.47,12971.06
8/2/2012,24253.16,22093.34,12878.88
8/3/2012,24665.61,22468.17,13096.17
8/6/2012,24705.81,22504.78,13117.51
8/7/2012,24802.03,22592.43,13168.6
8/8/2012,24833.09,22615.85,13175.64
8/9/2012,24821.53,22603.11,13165.19
8/10/2012,24902.15,22676.52,13207.95
8/13/2012,24835.78,22614.38,13169.43
8/14/2012,24843.82,22620.89,13172.14
8/15/2012,24857.34,22625.72,13164.78
8/16/2012,25018.46,22772.37,13250.11
8/17/2012,25065.83,22815.48,13275.2
8/20/2012,25059.1,22809.36,13271.64
8/21/2012,24930.59,22692.39,13203.58
8/22/2012,24881.01,22644.91,13172.76
8/23/2012,24663.24,22446.71,13057.46
8/24/2012,24862.07,22625.21,13157.97
8/27/2012,24799.16,22567.96,13124.67
8/28/2012,24762.43,22533.38,13102.99
8/29/2012,24770.91,22541.1,13107.48
8/30/2012,24579.29,22363.95,13000.71
8/31/2012,24749.69,22518.99,13090.84
9/4/2012,24645.89,22424.55,13035.94
9/5/2012,24667.85,22444.49,13047.48
9/6/2012,25137.03,22869.51,13292
9/7/2012,25164.7,22894.68,13306.64
9/10/2012,25067.64,22805.85,13254.29
9/11/2012,25198.27,22924.69,13323.36
9/12/2012,25220.9,22944.26,13333.35
9/13/2012,25617.77,23303.6,13539.86
9/14/2012,25719,23395.69,13593.37
9/17/2012,25647.06,23329.09,13553.1
9/18/2012,25668.89,23348.95,13564.64
9/19/2012,25694.09,23371.87,13577.96
9/20/2012,25732.49,23406.12,13596.93
9/21/2012,25699.44,23376.06,13579.47
9/24/2012,25660.56,23340.7,13558.92
9/25/2012,25468.72,23166.2,13457.55
9/26/2012,25385.37,23090.38,13413.51
9/27/2012,25522.49,23215.11,13485.97
9/28/2012,25430.06,23131.03,13437.13
10/1/2012,25577.65,23265.28,13515.11
10/2/2012,25517.69,23210.19,13482.36
10/3/2012,25548.15,23235.91,13494.61
10/4/2012,25701.03,23374.95,13575.36
10/5/2012,25780.82,23443.72,13610.15
10/8/2012,25730.63,23398.08,13583.65
10/9/2012,25522.03,23208.39,13473.53
10/10/2012,25278.52,22986.95,13344.97
10/11/2012,25243.31,22954.94,13326.39
10/12/2012,25247.97,22959.17,13328.85
10/15/2012,25428.64,23123.46,13424.23
10/16/2012,25670.26,23343.18,13551.78
10/17/2012,25688.34,23357.38,13557
10/18/2012,25680.62,23348.31,13548.94
10/19/2012,25291.25,22994.3,13343.51
10/22/2012,25295.77,22998.4,13345.89
10/23/2012,24834.49,22579.02,13102.53
10/24/2012,24786.75,22535.62,13077.34
10/25/2012,24836.68,22581.01,13103.68
10/26/2012,24843.37,22587.1,13107.21
10/31/2012,24823.43,22568.85,13096.46
11/1/2012,25081.51,22803.48,13232.62
11/2/2012,24817.17,22563.16,13093.16
11/5/2012,24856.99,22598.46,13112.44
11/6/2012,25109.57,22828.09,13245.68
11/7/2012,24545.93,22307.59,12932.73
11/8/2012,24315.49,22098.16,12811.32
11/9/2012,24323.22,22105.18,12815.39
11/12/2012,24322.64,22104.65,12815.08
11/13/2012,24220.42,22009.15,12756.18
11/14/2012,23889.36,21702.68,12570.95
11/15/2012,23835.07,21653.36,12542.38
11/16/2012,23922.34,21732.64,12588.31
11/19/2012,24316.96,22091.14,12795.96
11/20/2012,24311.41,22083.75,12788.51
11/21/2012,24403.39,22167.3,12836.89
11/23/2012,24740.89,22471.42,13009.68
11/26/2012,24660.42,22398.33,12967.37
11/27/2012,24496.96,22248.16,12878.13
11/28/2012,24704.21,22435.36,12985.11
11/29/2012,24785.33,22505.96,13021.82
11/30/2012,24792.49,22512.46,13025.58
12/3/2012,24678.33,22408.8,12965.6
12/4/2012,24652.02,22384.91,12951.78
12/5/2012,24815.44,22531.67,13034.49
12/6/2012,24908.5,22611.32,13074.04
12/7/2012,25066.13,22753.56,13155.13
12/10/2012,25096.16,22780.29,13169.88
12/11/2012,25245.86,22916.18,13248.44
12/12/2012,25240.16,22911,13245.45
12/13/2012,25104.03,22785.73,13170.72
12/14/2012,25035.96,22723.95,13135.01
12/17/2012,25227.27,22897.6,13235.39
12/18/2012,25447.57,23097.55,13350.96
12/19/2012,25258.89,22926.3,13251.97
12/20/2012,25383.22,23036.29,13311.72
12/21/2012,25152.73,22827.12,13190.84
12/24/2012,25054.03,22737.54,13139.08
12/26/2012,25007.31,22695.15,13114.59
12/27/2012,24972.46,22663.52,13096.31
12/28/2012,24670.8,22389.75,12938.11
12/31/2012,24987.4,22677.07,13104.14
1/2/2013,25582.98,23215.55,13412.55
1/3/2013,25542.55,23178.86,13391.36
1/4/2013,25626.19,23254.76,13435.21
1/7/2013,25529.08,23166.63,13384.29
1/8/2013,25437.41,23079.61,13328.85
1/9/2013,25555.09,23186.39,13390.51
1/10/2013,25709.13,23326.14,13471.22
1/11/2013,25741.96,23355.93,13488.43
1/14/2013,25778.01,23388.64,13507.32
1/15/2013,25830.63,23436.38,13534.89
1/16/2013,25793.71,23400.65,13511.23
1/17/2013,25955.56,23547.49,13596.02
1/18/2013,26058.04,23640.46,13649.7
1/22/2013,26177.38,23748.72,13712.21
1/23/2013,26305.51,23864.97,13779.33
1/24/2013,26393.33,23944.64,13825.33
1/25/2013,26528.21,24067,13895.98
1/28/2013,26501.38,24042.66,13881.93
1/29/2013,26639.78,24168.22,13954.42
1/30/2013,26559.28,24094.24,13910.42
1/31/2013,26464.12,24007.91,13860.58
2/1/2013,26749.01,24266.36,14009.79
2/4/2013,26501.36,24041.69,13880.08
2/5/2013,26694.13,24215.66,13979.3
2/6/2013,26720.83,24236.37,13986.52
2/7/2013,26648.04,24168.07,13944.05
2/8/2013,26741.52,24252.86,13992.97
2/11/2013,26699.99,24215.19,13971.24
2/12/2013,26790.69,24297.45,14018.7
2/13/2013,26766.07,24263.2,13982.91
2/14/2013,26747.84,24246.67,13973.39
2/15/2013,26763.86,24261.2,13981.76
2/19/2013,26870.45,24356.9,14035.67
2/20/2013,26663.45,24169.26,13927.54
2/21/2013,26576.4,24089.6,13880.62
2/22/2013,26815.12,24303.52,14000.57
2/25/2013,26400.63,23927.85,13784.17
2/26/2013,26622.73,24129.15,13900.13
2/27/2013,26970,24440.73,14075.37
2/28/2013,26929.98,24404.46,14054.49
3/1/2013,26997.37,24465.54,14089.66
3/4/2013,27070.51,24531.81,14127.82
3/5/2013,27311.83,24750.5,14253.77
3/6/2013,27399.99,24828.55,14296.24
3/7/2013,27463.72,24886.3,14329.49
3/8/2013,27600.2,25008.08,14397.07
3/11/2013,27698.43,25096.56,14447.29
3/12/2013,27709.48,25105,14450.06
3/13/2013,27733.09,25122.7,14455.28
3/14/2013,27893.98,25268.44,14539.14
3/15/2013,27845.95,25224.93,14514.11
3/18/2013,27726.9,25117.09,14452.06
3/19/2013,27734.12,25123.63,14455.82
3/20/2013,27841.38,25220.79,14511.73
3/21/2013,27668.26,25063.97,14421.49
3/22/2013,27841.97,25221.33,14512.03
3/25/2013,27718.65,25109.62,14447.75
3/26/2013,27933.32,25304.08,14559.65
3/27/2013,27869.08,25245.89,14526.16
3/28/2013,27969.56,25336.91,14578.54
4/1/2013,27958.66,25327.03,14572.85
4/2/2013,28129.72,25481.99,14662.01
4/3/2013,27922.8,25292.57,14550.35
4/4/2013,28032.31,25391.08,14606.11
4/5/2013,27953.9,25320.05,14565.25
4/8/2013,28060.74,25412.94,14613.48
4/9/2013,28175.91,25517.24,14673.46
4/10/2013,28423.2,25741.2,14802.24
4/11/2013,28543.97,25850.58,14865.14
4/12/2013,28543.82,25850.44,14865.06
4/15/2013,28033.31,25388.1,14599.2
4/16/2013,28335.9,25662.14,14756.78
4/17/2013,28070.54,25421.82,14618.59
4/18/2013,27921.79,25285.03,14537.14
4/19/2013,27941.7,25303.06,14547.51
4/22/2013,27979.46,25337.26,14567.17
4/23/2013,28271.96,25602.13,14719.46
4/24/2013,28197.91,25532.67,14676.3
4/25/2013,28244.98,25575.29,14700.8
4/26/2013,28267.55,25595.73,14712.55
4/29/2013,28471.61,25780.51,14818.75
4/30/2013,28512.04,25817.11,14839.8
5/1/2013,28245.27,25575.56,14700.95
5/2/2013,28496.25,25802.82,14831.58
5/3/2013,28773.16,26052.64,14973.96
5/6/2013,28763.42,26043.82,14968.89
5/7/2013,28931.21,26195.74,15056.2
5/8/2013,29057,26301,15105.12
5/9/2013,29023.45,26267.99,15082.62
5/10/2013,29092.46,26330.45,15118.49
5/13/2013,29047.53,26287.98,15091.68
5/14/2013,29288.78,26505.38,15215.25
5/15/2013,29427.92,26625.11,15275.69
5/16/2013,29346.11,26551.09,15233.22
5/17/2013,29579.57,26762.31,15354.4
5/20/2013,29542.73,26728.98,15335.28
5/21/2013,29643.48,26820.13,15387.58
5/22/2013,29497.93,26685.91,15307.17
5/23/2013,29483.27,26670,15294.5
5/24/2013,29499.85,26685,15303.1
5/28/2013,29704.74,26870.33,15409.39
5/29/2013,29499.26,26684.46,15302.8
5/30/2013,29552.58,26729.59,15324.53
5/31/2013,29149.61,26365.11,15115.57
6/3/2013,29416.62,26606.62,15254.03
6/4/2013,29274.87,26476.85,15177.54
6/5/2013,28856.56,26098.48,14960.59
6/6/2013,29018.35,26242.79,15040.62
6/7/2013,29418.69,26604.84,15248.12
6/10/2013,29402.47,26589.58,15238.59
6/11/2013,29177.54,26386.17,15122.02
6/12/2013,28937.02,26167.55,14995.23
6/13/2013,29296.67,26489.89,15176.08
6/14/2013,29092.24,26305.04,15070.18
6/17/2013,29303.94,26496.46,15179.85
6/18/2013,29571.08,26738.01,15318.23
6/19/2013,29173.33,26378.36,15112.19
6/20/2013,28492.95,25762.41,14758.32
6/21/2013,28572.27,25834.13,14799.4
6/24/2013,28302.28,25590.02,14659.56
6/25/2013,28496.8,25765.9,14760.31
6/26/2013,28786.06,26027.44,14910.14
6/27/2013,29006.83,26227.05,15024.49
6/28/2013,28785.03,26026.5,14909.6
7/1/2013,28913.73,26142.19,14974.96
7/2/2013,28840.61,26073.63,14932.41
7/3/2013,28949.03,26171.65,14988.55
7/5/2013,29233.52,26428.84,15135.84
7/8/2013,29419.53,26593.1,15224.69
7/9/2013,29565.7,26725.23,15300.34
7/10/2013,29548.93,26710.07,15291.66
7/11/2013,29876,27005.71,15460.92
7/12/2013,29882.53,27011.61,15464.3
7/15/2013,29921.11,27046.49,15484.26
7/16/2013,29858.49,26989.88,15451.85
7/17/2013,29903.49,27028.14,15470.52
7/18/2013,30063.26,27170.11,15548.54
7/19/2013,30053.98,27161.73,15543.74
7/22/2013,30057.47,27164.88,15545.55
7/23/2013,30100.38,27203.66,15567.74
7/24/2013,30051.08,27159.11,15542.24
7/25/2013,30076.92,27182.46,15555.61
7/26/2013,30083.15,27188.1,15558.83
7/29/2013,30011.88,27123.68,15521.97
7/30/2013,30009.21,27121.27,15520.59
7/31/2013,29972.08,27086.75,15499.54
8/1/2013,30220.53,27311.28,15628.02
8/2/2013,30279.19,27364.29,15658.36
8/5/2013,30193.12,27285.6,15612.13
8/6/2013,30012.52,27122.4,15518.74
8/7/2013,29948.22,27056.51,15470.67
8/8/2013,30001.74,27104.86,15498.32
8/9/2013,29870.14,26983.44,15425.51
8/12/2013,29858.83,26973.23,15419.68
8/13/2013,29929.64,27034.44,15451.01
8/14/2013,29717.98,26841.11,15337.66
8/15/2013,29295.78,26455.81,15112.19
8/16/2013,29236.23,26402.03,15081.47
8/19/2013,29099.12,26278.21,15010.74
8/20/2013,29084.08,26264.63,15002.99
8/21/2013,28889.07,26085.98,14897.55
8/22/2013,29017.44,26201.9,14963.74
8/23/2013,29117.99,26290.02,15010.51
8/26/2013,28993.75,26177.85,14946.46
8/27/2013,28663.34,25879.52,14776.13
8/28/2013,28757.19,25964.26,14824.51
8/29/2013,28800.56,26000.3,14840.95
8/30/2013,28741.09,25946.62,14810.31
9/3/2013,28792.82,25991.74,14833.96
9/4/2013,28981.08,26161.64,14930.87
9/5/2013,28993.9,26173.22,14937.48
9/6/2013,28972.28,26151.68,14922.5
9/9/2013,29247.47,26399.49,15063.12
9/10/2013,29495.89,26623.72,15191.06
9/11/2013,29763.28,26863.93,15326.6
9/12/2013,29723.45,26825.12,15300.64
9/13/2013,29869.95,26957.33,15376.06
9/16/2013,30100.59,27165.48,15494.78
9/17/2013,30168.46,27226.74,15529.73
9/18/2013,30454.45,27484.84,15676.94
9/19/2013,30378.81,27415.81,15636.55
9/20/2013,30018.49,27090.64,15451.09
9/23/2013,29921.92,27003.49,15401.38
9/24/2013,29792.17,26886.38,15334.59
9/25/2013,29673.02,26778.85,15273.26
9/26/2013,29779.94,26875.35,15328.3
9/27/2013,29643.82,26752.51,15258.24
9/30/2013,29394.04,26527.09,15129.67
10/1/2013,29516.69,26637.2,15191.7
10/2/2013,29410.48,26539.3,15133.14
10/3/2013,29144.89,26299.64,14996.48
10/4/2013,29292.79,26433.09,15072.58
10/7/2013,29027.82,26194,14936.24
10/8/2013,28729.53,25921.55,14776.53
10/9/2013,28780.97,25967.96,14802.98
10/10/2013,29409.14,26534.74,15126.07
10/11/2013,29625.03,26729.52,15237.11
10/14/2013,29749.76,26842.06,15301.26
10/15/2013,29490.68,26608.3,15168.01
10/16/2013,29898.36,26974.11,15373.83
10/17/2013,29901.61,26975.01,15371.65
10/18/2013,29956.08,27024.14,15399.65
10/21/2013,29941.59,27011.07,15392.2
10/22/2013,30088.37,27143.49,15467.66
10/23/2013,29982.69,27048.15,15413.33
10/24/2013,30169.2,27216.4,15509.21
10/25/2013,30288,27323.58,15570.28
10/28/2013,30285.37,27321.21,15568.93
10/29/2013,30502.12,27516.74,15680.35
10/30/2013,30382.31,27408.66,15618.76
10/31/2013,30240.28,27280.53,15545.75
11/1/2013,30376.07,27403.03,15615.55
11/4/2013,30421.91,27444.39,15639.12
11/5/2013,30384.06,27409.48,15618.22
11/6/2013,30655.3,27648.5,15746.88
11/7/2013,30365.5,27384.99,15593.98
11/8/2013,30692.26,27679.68,15761.78
11/11/2013,30733.78,27717.12,15783.1
11/12/2013,30670.63,27660.17,15750.67
11/13/2013,30826.82,27796.16,15821.63
11/14/2013,30945.69,27899.96,15876.22
11/15/2013,31112.29,28050.17,15961.7
11/18/2013,31140.21,28075.33,15976.02
11/19/2013,31126.19,28061.75,15967.03
11/20/2013,31005.07,27950.4,15900.82
11/21/2013,31217.95,28142.3,16009.99
11/22/2013,31333.02,28243.81,16064.77
11/25/2013,31348.18,28257.47,16072.54
11/26/2013,31348.68,28257.92,16072.8
11/27/2013,31417.07,28314.01,16097.33
11/29/2013,31395.76,28294.81,16086.41
12/2/2013,31244.23,28158.25,16008.77
12/3/2013,31065.37,27995.73,15914.62
12/4/2013,31026.26,27957.95,15889.77
12/5/2013,30892.97,27837.83,15821.51
12/6/2013,31287.21,28191.39,16020.2
12/9/2013,31297.62,28200.77,16025.53
12/10/2013,31195.28,28108.55,15973.13
12/11/2013,30942.18,27880.5,15843.53
12/12/2013,30758.19,27709.49,15739.43
12/13/2013,30789.31,27737.53,15755.36
12/16/2013,31041.82,27965.01,15884.57
12/17/2013,31023.62,27948.62,15875.26
12/18/2013,31595.64,28463.94,16167.97
12/19/2013,31620.11,28485.24,16179.08
12/20/2013,31702.32,28559.3,16221.14
12/23/2013,31845.91,28688.65,16294.61
12/24/2013,31968.9,28799.45,16357.55
12/26/2013,32208,29014.84,16479.88
12/27/2013,32205.11,29012.24,16478.41
12/30/2013,32255.69,29057.81,16504.29
12/31/2013,32397.14,29185.23,16576.66
1/2/2014,32139.6,28951.36,16441.35
1/3/2014,32195.59,29001.79,16469.99
1/6/2014,32107.84,28922.75,16425.1
1/7/2014,32314.72,29109.11,16530.94
1/8/2014,32196.72,28998.67,16462.74
1/9/2014,32161.55,28967,16444.76
1/10/2014,32146.48,28953.42,16437.05
1/13/2014,31796.19,28637.93,16257.94
1/14/2014,32022.89,28842.11,16373.86
1/15/2014,32234.27,29032.49,16481.94
1/16/2014,32114.83,28922.88,16417.01
1/17/2014,32196.11,28996.08,16458.56
1/21/2014,32109.8,28918.35,16414.44
1/22/2014,32036.96,28850.71,16373.34
1/23/2014,31692.6,28540.6,16197.35
1/24/2014,31069.92,27979.84,15879.11
1/27/2014,30989.24,27907.19,15837.88
1/28/2014,31166.67,28066.97,15928.56
1/29/2014,30795.36,27732.59,15738.79
1/30/2014,31010.23,27926.09,15848.61
1/31/2014,30717.2,27662.21,15698.85
2/3/2014,30079.25,27087.7,15372.8
2/4/2014,30220.99,27215.35,15445.24
2/5/2014,30217.28,27210.36,15440.23
2/6/2014,30605.63,27554.7,15628.53
2/7/2014,30929.85,27846.6,15794.08
2/10/2014,30944.94,27860.19,15801.79
2/11/2014,31322.86,28200.43,15994.77
2/12/2014,31313.11,28177.98,15963.94
2/13/2014,31437.94,28290.32,16027.59
2/14/2014,31686.66,28514.13,16154.39
2/18/2014,31643.14,28474.02,16130.4
2/19/2014,31466.89,28315.42,16040.56
2/20/2014,31651.46,28480.75,16133.23
2/21/2014,31601.06,28433.16,16103.3
2/24/2014,31804.84,28616.51,16207.14
2/25/2014,31750.9,28567.98,16179.66
2/26/2014,31794.63,28605.46,16198.41
2/27/2014,31953.58,28744.89,16272.65
2/28/2014,32049.93,28831.56,16321.71
3/3/2014,31748.16,28560.1,16168.03
3/4/2014,32195.58,28962.59,16395.88
3/5/2014,32125.46,28899.51,16360.18
3/6/2014,32252.95,29012.5,16421.89
3/7/2014,32319.55,29070.77,16452.72
3/10/2014,32252.69,29010.63,16418.68
3/11/2014,32126.16,28895.22,16351.25
3/12/2014,32111.58,28880.12,16340.08
3/13/2014,31662.8,28475,16108.89
3/14/2014,31577.85,28398.6,16065.67
3/17/2014,31934.69,28719.52,16247.22
3/18/2014,32109.58,28876.8,16336.19
3/19/2014,31885.47,28675.25,16222.17
3/20/2014,32099.48,28867.72,16331.05
3/21/2014,32043.88,28817.71,16302.77
3/24/2014,31992.63,28771.62,16276.69
3/25/2014,32171.87,28932.82,16367.88
3/26/2014,31977.48,28758,16268.99
3/27/2014,31968.14,28749.6,16264.23
3/28/2014,32083.77,28853.58,16323.06
3/31/2014,32348.34,29091.52,16457.66
4/1/2014,32498.04,29225.5,16532.61
4/2/2014,32585.15,29301.76,16573
4/3/2014,32584.26,29300.96,16572.55
4/4/2014,32269.99,29018.35,16412.71
4/7/2014,31941.95,28723.37,16245.87
4/8/2014,31974.65,28749.41,16256.14
4/9/2014,32330.73,29069.57,16437.18
4/10/2014,31805.64,28597.44,16170.22
4/11/2014,31523.45,28343.72,16026.75
4/14/2014,31811.58,28602.78,16173.24
4/15/2014,31987.28,28760.76,16262.56
4/16/2014,32314.06,29052.53,16424.85
4/17/2014,32281.97,29023.68,16408.54
4/21/2014,32362.07,29095.7,16449.25
4/22/2014,32490.18,29210.88,16514.37
4/23/2014,32473.3,29193.51,16501.65
4/24/2014,32473.3,29193.51,16501.65
4/25/2014,32197.42,28945.49,16361.46
4/28/2014,32369.17,29099.89,16448.74
4/29/2014,32539.65,29253.15,16535.37
4/30/2014,32629.12,29333.59,16580.84
5/1/2014,32585.9,29294.74,16558.87
5/2/2014,32495.42,29213.39,16512.89
5/5/2014,32533.01,29246.42,16530.55
5/6/2014,32278.09,29017.25,16401.02
5/7/2014,32541.86,29245.62,16518.54
5/8/2014,32605.75,29303.03,16550.97
5/9/2014,32678.24,29365.83,16583.34
5/12/2014,32899.19,29564.39,16695.47
5/13/2014,32947.79,29605.56,16715.44
5/14/2014,32760.32,29433.73,16613.97
5/15/2014,32444.25,29146.1,16446.81
5/16/2014,32532.04,29224.97,16491.31
5/19/2014,32572.58,29261.39,16511.86
5/20/2014,32301.22,29017.62,16374.31
5/21/2014,32625.21,29305.76,16533.06
5/22/2014,32653.85,29329.09,16543.08
5/23/2014,32778.59,29441.12,16606.27
5/27/2014,32915.24,29563.86,16675.5
5/28/2014,32838.67,29493.21,16633.18
5/29/2014,32981.44,29617.85,16698.74
5/30/2014,33017.84,29650.54,16717.17
6/2/2014,33070.1,29697.46,16743.63
6/3/2014,33034.01,29663.45,16722.34
6/4/2014,33064.01,29690.39,16737.53
6/5/2014,33258.75,29865.26,16836.11
6/6/2014,33439.9,30026.05,16924.28
6/9/2014,33477.08,30059.44,16943.1
6/10/2014,33482.67,30064.45,16945.92
6/11/2014,33281.04,29883.41,16843.88
6/12/2014,33078.53,29697.74,16734.19
6/13/2014,33160.66,29771.48,16775.74
6/16/2014,33171.07,29780.82,16781.01
6/17/2014,33225.4,29829.6,16808.49
6/18/2014,33419.37,30003.75,16906.62
6/19/2014,33451.48,30031.83,16921.46
6/20/2014,33502.14,30077.3,16947.08
6/23/2014,33482.72,30059.86,16937.26
6/24/2014,33247.22,29848.44,16818.13
6/25/2014,33344.84,29936.09,16867.51
6/26/2014,33302.57,29898.13,16846.13
6/27/2014,33313.87,29908.28,16851.84
6/30/2014,33263.97,29863.49,16826.6
7/1/2014,33524.99,30096.45,16956.07
7/2/2014,33567.27,30133.76,16976.24
7/3/2014,33749.24,30297.11,17068.26
7/7/2014,33662.13,30218.91,17024.21
7/8/2014,33442.2,30018.09,16906.62
7/9/2014,33601.74,30160.41,16985.61
7/10/2014,33462.19,30035.15,16915.07
7/11/2014,33519.04,30086.18,16943.81
7/14/2014,33739.84,30284.37,17055.42
7/15/2014,33750.26,30293.72,17060.68
7/16/2014,33911.77,30436.49,17138.2
7/17/2014,33601.33,30155.47,16976.81
7/18/2014,33845.51,30374.6,17100.18
7/21/2014,33749.6,30288.53,17051.73
7/22/2014,33871.94,30398.33,17113.54
7/23/2014,33818.69,30350.53,17086.63
7/24/2014,33813.09,30345.51,17083.8
7/25/2014,33569.18,30126.61,16960.57
7/28/2014,33612.77,30165.74,16982.59
7/29/2014,33473.28,30040.54,16912.11
7/30/2014,33413.73,29986.21,16880.36
7/31/2014,32786.14,29423,16563.3
8/1/2014,32647.71,29298.77,16493.37
8/4/2014,32797.96,29433.61,16569.28
8/5/2014,32524.08,29187.06,16429.47
8/6/2014,32580.91,29230.15,16443.34
8/7/2014,32432.16,29096.69,16368.27
8/8/2014,32800.03,29426.73,16553.93
8/11/2014,32840.62,29460.78,16569.98
8/12/2014,32821.91,29444,16560.54
8/13/2014,33021.35,29617.91,16651.8
8/14/2014,33143.86,29727.8,16713.58
8/15/2014,33057.01,29646.23,16662.91
8/18/2014,33405.84,29959.07,16838.74
8/19/2014,33569.81,30105.16,16919.59
8/20/2014,33698.82,30217.92,16979.13
8/21/2014,33818.63,30325.36,17039.49
8/22/2014,33751.59,30262.84,17001.22
8/25/2014,33901.77,30397.5,17076.87
8/26/2014,33960.99,30450.6,17106.7
8/27/2014,33998.41,30482.26,17122.01
8/28/2014,33927.51,30415.09,17079.57
8/29/2014,33965.01,30448.72,17098.45
9/2/2014,33909.65,30397.47,17067.56
9/3/2014,33930.96,30416.57,17078.28
9/4/2014,33913.67,30401.07,17069.58
9/5/2014,34048.34,30521.8,17137.36
9/8/2014,34003.81,30479.99,17111.42
9/9/2014,33809.96,30306.23,17013.87
9/10/2014,33923.73,30406.93,17068.71
9/11/2014,33894.06,30377.77,17049
9/12/2014,33771.81,30268.21,16987.51
9/15/2014,33858.56,30345.96,17031.14
9/16/2014,34059.01,30525.61,17131.97
9/17/2014,34108.48,30569.95,17156.85
9/18/2014,34328.27,30766.18,17265.99
9/19/2014,34355.59,30790.67,17279.74
9/22/2014,34142.74,30599.91,17172.68
9/23/2014,33910.49,30391.75,17055.87
9/24/2014,34217.06,30666.51,17210.06
9/25/2014,33691.65,30195.62,16945.8
9/26/2014,34024.38,30493.83,17113.15
9/29/2014,33941.01,30419.1,17071.22
9/30/2014,33887.13,30370.16,17042.9
10/1/2014,33416.84,29947.79,16804.71
10/2/2014,33414.67,29944.47,16801.05
10/3/2014,33829.64,30316.35,17009.69
10/6/2014,33794.26,30284.64,16991.91
10/7/2014,33252.27,29798.94,16719.39
10/8/2014,33811.76,30296.86,16994.22
10/9/2014,33145.31,29699.68,16659.25
10/10/2014,32916.21,29494.4,16544.1
10/13/2014,32472.46,29096.78,16321.07
10/14/2014,32460.77,29086.31,16315.19
10/15/2014,32115.66,28777.07,16141.74
10/16/2014,32075.86,28739.01,16117.24
10/17/2014,32599.61,29208.27,16380.41
10/20/2014,32637.95,29242.63,16399.67
10/21/2014,33066.11,29626.24,16614.81
10/22/2014,32768.88,29357.72,16461.32
10/23/2014,33200.01,29743.97,16677.9
10/24/2014,33453.84,29971.38,16805.41
10/27/2014,33478.77,29993.71,16817.94
10/28/2014,33852.63,30328.66,17005.75
10/29/2014,33790.05,30272.59,16974.31
10/30/2014,34230.2,30666.92,17195.42
10/31/2014,34618.58,31014.87,17390.52
11/3/2014,34570.26,30971.58,17366.24
11/4/2014,34605.28,31002.96,17383.84
11/5/2014,34821.27,31192.29,17484.53
11/6/2014,34974.62,31325.87,17554.47
11/7/2014,35022.21,31366.13,17573.93
11/10/2014,35101.56,31437.19,17613.74
11/11/2014,35103.86,31439.26,17614.9
11/12/2014,35118.2,31446.8,17612.2
11/13/2014,35199.13,31519.27,17652.79
11/14/2014,35176.84,31495.63,17634.74
11/17/2014,35202.79,31518.86,17647.75
11/18/2014,35286.69,31592.92,17687.82
11/19/2014,35293.48,31596.06,17685.73
11/20/2014,35359.87,31655.49,17719
11/21/2014,35550.56,31823.8,17810.06
11/24/2014,35566.2,31837.8,17817.9
11/25/2014,35560.31,31832.52,17814.94
11/26/2014,35600.68,31864.69,17827.75
11/28/2014,35609.34,31870.37,17828.24
12/1/2014,35506.6,31778.41,17776.8
12/2/2014,35717.86,31965.87,17879.55
12/3/2014,35794.9,32031.87,17912.62
12/4/2014,35769.87,32009.48,17900.1
12/5/2014,35887.16,32114.44,17958.79
12/8/2014,35681.77,31928.75,17852.48
12/9/2014,35579.28,31837.04,17801.2
12/10/2014,35043.52,31357.63,17533.15
12/11/2014,35193.96,31485.76,17596.34
12/12/2014,34562.91,30921.21,17280.83
12/15/2014,34362.93,30742.29,17180.84
12/16/2014,34138.98,30541.95,17068.87
12/17/2014,34714.99,31057.26,17356.87
12/18/2014,35560.53,31812.92,17778.15
12/19/2014,35613.84,31860.61,17804.8
12/22/2014,35923.16,32137.33,17959.44
12/23/2014,36052.64,32253.17,18024.17
12/24/2014,36064.72,32263.97,18030.21
12/26/2014,36111.73,32306.03,18053.71
12/29/2014,36080.78,32278.34,18038.23
12/30/2014,35970.43,32179.62,17983.07
12/31/2014,35650.39,31893.31,17823.07
1/2/2015,35677.81,31915.81,17832.99
1/5/2015,35014.91,31322.81,17501.65
1/6/2015,34754.8,31090.12,17371.64
1/7/2015,35197.16,31481.43,17584.52
1/8/2015,35844.37,32060.31,17907.87
1/9/2015,35503.09,31755.06,17737.37
1/12/2015,35309.9,31582.26,17640.84
1/13/2015,35255.52,31533.62,17613.68
1/14/2015,34882.04,31199.57,17427.09
1/15/2015,34678.11,31014.76,17320.71
1/16/2015,35060.24,31356.52,17511.57
1/20/2015,35067.57,31363.07,17515.23
1/21/2015,35154.02,31438.17,17554.28
1/22/2015,35674.1,31903.27,17813.98
1/23/2015,35390.97,31650.07,17672.6
1/26/2015,35403.19,31661,17678.7
1/27/2015,34819.45,31138.96,17387.21
1/28/2015,34427.27,30788.24,17191.37
1/29/2015,34878.8,31192.04,17416.85
1/30/2015,34374.35,30740.91,17164.95
2/2/2015,34767.04,31092.1,17361.04
2/3/2015,35378.56,31638.98,17666.4
2/4/2015,35398.49,31655.01,17673.02
2/5/2015,35822.84,32034.48,17884.88
2/6/2015,35724.51,31940.37,17824.29
2/9/2015,35533.95,31769.99,17729.21
2/10/2015,35813.64,32020.06,17868.76
2/11/2015,35845.75,32036.6,17862.14
2/12/2015,36080.76,32242.94,17972.38
2/13/2015,36175.07,32327.21,18019.35
2/17/2015,36235.73,32380.35,18047.58
2/18/2015,36200.14,32348.55,18029.85
2/19/2015,36114.59,32271.3,17985.77
2/20/2015,36434.19,32554.47,18140.44
2/23/2015,36386.79,32512.12,18116.84
2/24/2015,36572.26,32677.85,18209.19
2/25/2015,36603.16,32705.45,18224.57
2/26/2015,36605.09,32701.2,18214.42
2/27/2015,36440.86,32554.48,18132.7
3/2/2015,36754.22,32834.42,18288.63
3/3/2015,36582.89,32681.36,18203.37
3/4/2015,36368.91,32490.2,18096.9
3/5/2015,36446.93,32559.9,18135.72
3/6/2015,35893.45,32063.55,17856.78
3/9/2015,36172.73,32313.03,17995.72
3/10/2015,35511.42,31720.24,17662.94
3/11/2015,35467.2,31677.75,17635.39
3/12/2015,35999.83,32150.77,17895.22
3/13/2015,35706.31,31888.64,17749.31
3/16/2015,36165.2,32298.46,17977.42
3/17/2015,35907.01,32067.87,17849.08
3/18/2015,36363.89,32475.91,18076.19
3/19/2015,36128.2,32265.42,17959.03
3/20/2015,36467.42,32568.37,18127.65
3/23/2015,36444.07,32547.51,18116.04
3/24/2015,36233.04,32359.05,18011.14
3/25/2015,35644.4,31833.34,17718.54
3/26/2015,35563.32,31760.93,17678.23
3/27/2015,35632.59,31822.79,17712.66
3/30/2015,36162.97,32296.47,17976.31
3/31/2015,35766.56,31940.75,17776.12
4/1/2015,35615.11,31804.06,17698.18
4/2/2015,35746.04,31920.98,17763.24
4/6/2015,35982.71,32132.33,17880.85
4/7/2015,35971.77,32122.56,17875.42
4/8/2015,36033.67,32175.86,17902.51
4/9/2015,36146.83,32276.9,17958.73
4/10/2015,36345.94,32454.7,18057.65
4/13/2015,36183.7,32309.82,17977.04
4/14/2015,36303.77,32417.04,18036.7
4/15/2015,36456.55,32553.46,18112.61
4/16/2015,36452.18,32547.05,18105.77
4/17/2015,35889.54,32044.68,17826.3
4/20/2015,36309.58,32419.72,18034.93
4/21/2015,36137.75,32266.29,17949.59
4/22/2015,36316.29,32425.71,18038.27
4/23/2015,36366.31,32467.98,18058.69
4/24/2015,36409.51,32506.56,18080.14
4/27/2015,36324.58,32430.73,18037.97
4/28/2015,36469.92,32560.48,18110.14
4/29/2015,36319.68,32426.35,18035.53
4/30/2015,35926.96,32075.73,17840.52
5/1/2015,36296.57,32405.72,18024.06
5/4/2015,36389.89,32489.04,18070.4
5/5/2015,36106.76,32235.39,17928.2
5/6/2015,35973.17,32105.4,17841.98
5/7/2015,36145.65,32257.47,17924.06
5/8/2015,36684.19,32738.07,18191.11
5/11/2015,36520.69,32589.53,18105.17
5/12/2015,36446.19,32523.05,18068.23
5/13/2015,36447.4,32519.62,18060.49
5/14/2015,36834.36,32864.88,18252.24
5/15/2015,36889.77,32910.47,18272.56
5/18/2015,36942.92,32957.88,18298.88
5/19/2015,36974.38,32984.83,18312.39
5/20/2015,36933.69,32944.83,18285.4
5/21/2015,36944.47,32951.75,18285.74
5/22/2015,36835.94,32854.95,18232.02
5/26/2015,36451.1,32511.69,18041.54
5/27/2015,36696.47,32730.55,18162.99
5/28/2015,36645.98,32679.09,18126.12
5/29/2015,36412.59,32470.96,18010.68
6/1/2015,36472.62,32524.5,18040.37
6/2/2015,36423.11,32478.22,18011.94
6/3/2015,36553.19,32594.21,18076.27
6/4/2015,36208.02,32286.42,17905.58
6/5/2015,36094.54,32185.23,17849.46
6/8/2015,35935.11,32040.87,17766.55
6/9/2015,35930.04,32036.36,17764.04
6/10/2015,36408.1,32462.61,18000.4
6/11/2015,36504.2,32543.67,18039.37
6/12/2015,36219.82,32290.15,17898.84
6/15/2015,36001.95,32095.91,17791.17
6/16/2015,36231.23,32300.32,17904.48
6/17/2015,36294.5,32356.72,17935.74
6/18/2015,36662.06,32683.57,18115.84
6/19/2015,36459.89,32503.34,18015.95
6/22/2015,36670.02,32690.67,18119.78
6/23/2015,36719.18,32734.49,18144.07
6/24/2015,36358.95,32413.35,17966.07
6/25/2015,36205.74,32276.77,17890.36
6/26/2015,36319.72,32378.38,17946.68
6/29/2015,35610.74,31746.34,17596.35
6/30/2015,35661.51,31790.56,17619.51
7/1/2015,35959.34,32051.32,17757.91
7/2/2015,35903.06,32001.15,17730.11
7/6/2015,35808.83,31917.17,17683.58
7/7/2015,35997.83,32085.62,17776.91
7/8/2015,35475.75,31618.29,17515.42
7/9/2015,35543,31678.23,17548.62
7/10/2015,35971.96,32060.55,17760.41
7/13/2015,36412.01,32452.75,17977.68
7/14/2015,36565.73,32589.76,18053.58
7/15/2015,36558.83,32583.61,18050.17
7/16/2015,36711.2,32716.62,18120.25
7/17/2015,36642.71,32655.58,18086.45
7/20/2015,36671,32680.79,18100.41
7/21/2015,36304.05,32353.77,17919.29
7/22/2015,36174.76,32236.15,17851.04
7/23/2015,35933.36,32021.03,17731.92
7/24/2015,35602.26,31725.98,17568.53
7/27/2015,35342.99,31494.94,17440.59
7/28/2015,35727.36,31837.46,17630.27
7/29/2015,35972.82,32056.2,17751.39
7/30/2015,35961.86,32046.43,17745.98
7/31/2015,35848.13,31945.08,17689.86
8/3/2015,35662.37,31779.55,17598.2
8/4/2015,35566.11,31693.77,17550.69
8/5/2015,35571.39,31691.53,17540.47
8/6/2015,35351.22,31488.78,17419.75
8/7/2015,35257.13,31404.97,17373.38
8/10/2015,35747.8,31842.03,17615.17
8/11/2015,35326.82,31464.4,17402.84
8/12/2015,35341.6,31473.43,17402.51
8/13/2015,35353.27,31483.82,17408.25
8/14/2015,35493.7,31608.88,17477.4
8/17/2015,35645.86,31740.52,17545.18
8/18/2015,35581.32,31681.92,17511.34
8/19/2015,35264.81,31396.38,17348.73
8/20/2015,34537.03,30748.44,16990.69
8/21/2015,33467.97,29793.93,16459.75
8/24/2015,32271.56,28728.86,15871.35
8/25/2015,31854.92,28357.95,15666.44
8/26/2015,33113.68,29478.53,16285.51
8/27/2015,33864.51,30146.93,16654.77
8/28/2015,33860.97,30138.35,16643.01
8/31/2015,33627.04,29930.13,16528.03
9/1/2015,32679.48,29084.6,16058.35
9/2/2015,33275.81,29615.33,16351.38
9/3/2015,33327.2,29660.06,16374.76
9/4/2015,32772.82,29166.68,16102.38
9/8/2015,33575.5,29878.82,16492.68
9/9/2015,33095.52,29449.86,16253.57
9/10/2015,33251.96,29589.08,16330.4
9/11/2015,33471.66,29781.75,16433.09
9/14/2015,33345.11,29669.14,16370.96
9/15/2015,33811.33,30083.96,16599.85
9/16/2015,34096.69,30337.87,16739.95
9/17/2015,33967.01,30221.64,16674.74
9/18/2015,33375.94,29695.76,16384.58
9/21/2015,33631.8,29923.4,16510.19
9/22/2015,33265.71,29597.67,16330.47
9/23/2015,33162.68,29506.01,16279.89
9/24/2015,33002.64,29363.61,16201.32
9/25/2015,33233.52,29569.04,16314.67
9/28/2015,32596.39,29002.16,16001.89
9/29/2015,32692.61,29087.77,16049.13
9/30/2015,33172.48,29514.73,16284.7
10/1/2015,33149.48,29493.5,16272.01
10/2/2015,33563.66,29860.4,16472.37
10/5/2015,34183.19,30411.57,16776.43
10/6/2015,34211.23,30436.52,16790.19
10/7/2015,34471.65,30665.1,16912.29
10/8/2015,34753.88,30916.16,17050.75
10/9/2015,34822.65,30977.34,17084.49
10/12/2015,34919.2,31063.23,17131.86
10/13/2015,34817.33,30972.62,17081.89
10/14/2015,34497.05,30687.69,16924.75
10/15/2015,34939.35,31081.16,17141.75
10/16/2015,35090.64,31215.74,17215.97
10/19/2015,35120.33,31242.15,17230.54
10/20/2015,35092.96,31217.8,17217.11
10/21/2015,35003.12,31135.48,17168.61
10/22/2015,35667.15,31723.34,17489.16
10/23/2015,35988.44,32009.1,17646.7
10/26/2015,35940.2,31966.2,17623.05
10/27/2015,35855.32,31890.7,17581.43
10/28/2015,36259.31,32250.02,17779.52
10/29/2015,36210.94,32206.99,17755.8
10/30/2015,36022.77,32039.64,17663.54
11/2/2015,36359.72,32339.33,17828.76
11/3/2015,36542.03,32501.48,17918.15
11/4/2015,36458.37,32421.87,17867.58
11/5/2015,36457.01,32418.77,17863.43
11/6/2015,36570.45,32514.92,17910.33
11/9/2015,36213.17,32194.6,17730.48
11/10/2015,36285.63,32254.8,17758.21
11/11/2015,36171.23,32153.11,17702.22
11/12/2015,35651.93,31691.49,17448.07
11/13/2015,35237.47,31323.07,17245.24
11/16/2015,35737.93,31764.05,17483.01
11/17/2015,35756.1,31778.88,17489.5
11/18/2015,36276.44,32237.61,17737.16
11/19/2015,36267.42,32229.59,17732.75
11/20/2015,36463.91,32401.48,17823.81
11/23/2015,36400.22,32344.88,17792.68
11/24/2015,36440.13,32380.34,17812.19
11/25/2015,36442.59,32382.53,17813.39
11/27/2015,36428.78,32365.82,17798.49
11/30/2015,36276.86,32228.47,17719.92
12/1/2015,36629.74,32539.82,17888.35
12/2/2015,36318.37,32259.61,17729.68
12/3/2015,35802.14,31801.07,17477.67
12/4/2015,36559.99,32474.23,17847.63
12/7/2015,36324.46,32263.85,17730.51
12/8/2015,35999.86,31973.31,17568
12/9/2015,35844.75,31835.55,17492.3
12/10/2015,36023.41,31991.64,17574.75
12/11/2015,35395.25,31432.11,17265.21
12/14/2015,35607.01,31620.15,17368.5
12/15/2015,35927.65,31904.89,17524.91
12/16/2015,36387.24,32313.02,17749.09
12/17/2015,35871.22,31853.94,17495.84
12/18/2015,35118.17,31185.23,17128.55
12/21/2015,35370.49,31409.28,17251.62
12/22/2015,35710.13,31710.89,17417.27
12/23/2015,36090.11,32048.31,17602.61
12/24/2015,35986.7,31956.48,17552.17
12/28/2015,35937.7,31912.97,17528.27
12/29/2015,36332.81,32263.83,17720.98
12/30/2015,36092.71,32050.62,17603.87
12/31/2015,35726.03,31725.01,17425.03
1/4/2016,35169.1,31228.02,17148.94
1/5/2016,35189.04,31245.72,17158.66
1/6/2016,34683.93,30794.02,16906.51
1/7/2016,33878.9,30079.27,16514.1
1/8/2016,33534.97,29773.91,16346.45
1/11/2016,33641.88,29868.84,16398.57
1/12/2016,33883.25,30083.14,16516.22
1/13/2016,33134.84,29418.66,16151.41
1/14/2016,33601.84,29833.29,16379.05
1/15/2016,32810.58,29127.89,15988.08
1/19/2016,32867.92,29178.79,16016.02
1/20/2016,32365.67,28730.43,15766.74
1/21/2016,32603.67,28941.71,15882.68
1/22/2016,33036.45,29325.87,16093.51
1/25/2016,32608.87,28946.32,15885.22
1/26/2016,33187.79,29460.21,16167.23
1/27/2016,32730.48,29054.27,15944.46
1/28/2016,32987.46,29282.39,16069.64
1/29/2016,33801.7,30005.18,16466.3
2/1/2016,33766.56,29973.98,16449.18
2/2/2016,33159.67,29435.25,16153.54
2/3/2016,33543.46,29773.84,16336.66
2/4/2016,33714.86,29924.04,16416.58
2/5/2016,33280.27,29538.31,16204.97
2/8/2016,32933.16,29225.36,16027.05
2/9/2016,32917.4,29208.64,16014.38
2/10/2016,32748.9,29049.46,15914.74
2/11/2016,32225.09,28584.82,15660.18
2/12/2016,32870.52,29157.33,15973.84
2/16/2016,33348.67,29576.11,16196.41
2/17/2016,33889.72,30053.02,16453.83
2/18/2016,33806.5,29979.22,16413.43
2/19/2016,33772.93,29946.64,16391.99
2/22/2016,34244.05,30364.39,16620.66
2/23/2016,33854.9,30019.33,16431.78
2/24/2016,33964.54,30116.54,16484.99
2/25/2016,34405.19,30506.41,16697.29
2/26/2016,34299.63,30409.47,16639.97
2/29/2016,34054.29,30189.52,16516.5
3/1/2016,34773.01,30826.67,16865.08
3/2/2016,34843.61,30889.25,16899.32
3/3/2016,34937.79,30972.15,16943.9
3/4/2016,35067.42,31087.06,17006.77
3/7/2016,35205.95,31209.87,17073.95
3/8/2016,34997.8,31020.47,16964.1
3/9/2016,35086.74,31095.54,17000.36
3/10/2016,35075.93,31085.96,16995.13
3/11/2016,35537.69,31492.15,17213.31
3/14/2016,35570.35,31521.09,17229.13
3/15/2016,35616.58,31562.06,17251.53
3/16/2016,35769.85,31697.88,17325.76
3/17/2016,36091.36,31982.79,17481.49
3/18/2016,36340.77,32203.8,17602.3
3/21/2016,36385.3,32243.27,17623.87
3/22/2016,36300.05,32167.72,17582.57
3/23/2016,36134.91,32021.38,17502.59
3/24/2016,36162.05,32045.44,17515.73
3/28/2016,36202.63,32081.39,17535.39
3/29/2016,36404.39,32260.19,17633.11
3/30/2016,36576.88,32413.04,17716.66
3/31/2016,36511.7,32355.28,17685.09
4/1/2016,36733.96,32552.24,17792.75
4/4/2016,36628.77,32456.39,17737
4/5/2016,36352.71,32211.78,17603.32
4/6/2016,36597.59,32425.55,17716.05
4/7/2016,36237.97,32106.92,17541.96
4/8/2016,36310.26,32170.97,17576.96
4/11/2016,36267.82,32133.37,17556.41
4/12/2016,36608.34,32435.07,17721.25
4/13/2016,36994.7,32777.39,17908.28
4/14/2016,37041.66,32816.48,17926.43
4/15/2016,36981.8,32763.45,17897.46
4/18/2016,37202.27,32958.77,18004.16
4/19/2016,37304.44,33049.28,18053.6
4/20/2016,37392.6,33127.39,18096.27
4/21/2016,37168.45,32925.91,17982.52
4/22/2016,37212.33,32964.78,18003.75
4/25/2016,37157.55,32916.25,17977.24
4/26/2016,37184.59,32940.2,17990.32
4/27/2016,37290.47,33034,18041.55
4/28/2016,36854.78,32648.04,17830.76
4/29/2016,36736.72,32543.46,17773.64
5/2/2016,36979.62,32758.64,17891.16
5/3/2016,36689.73,32501.83,17750.91
5/4/2016,36487.46,32321.67,17651.26
5/5/2016,36515.06,32343.98,17660.71
5/6/2016,36700.13,32502.64,17740.63
5/9/2016,36628.3,32439.02,17705.91
5/10/2016,37088.45,32846.54,17928.35
5/11/2016,36683.83,32476.31,17711.12
5/12/2016,36703.27,32493.52,17720.5
5/13/2016,36319.72,32153.96,17535.32
5/16/2016,36682.98,32475.56,17710.71
5/17/2016,36328.94,32156.74,17529.98
5/18/2016,36347.1,32166.14,17526.62
5/19/2016,36157.93,31998.73,17435.4
5/20/2016,36305.21,32126.05,17500.94
5/23/2016,36288.59,32111.34,17492.93
5/24/2016,36730.7,32502.56,17706.05
5/25/2016,37032.45,32769.57,17851.51
5/26/2016,36984.29,32726.96,17828.29
5/27/2016,37086.72,32815.15,17873.22
5/31/2016,36918.04,32663.3,17787.2
6/1/2016,36923.16,32667.82,17789.67
6/2/2016,37039.57,32766.86,17838.56
6/3/2016,36974.16,32708.99,17807.06
6/6/2016,37209.35,32917.06,17920.33
6/7/2016,37246.61,32950.01,17938.28
6/8/2016,37394.78,33078.56,18005.05
6/9/2016,37353.53,33042.08,17985.19
6/10/2016,37104.62,32821.9,17865.34
6/13/2016,36840.21,32584.95,17732.48
6/14/2016,36720.41,32478.99,17674.82
6/15/2016,36657.31,32420.82,17640.17
6/16/2016,36853.7,32593.64,17733.1
6/17/2016,36733.3,32487.15,17675.16
6/20/2016,37002.86,32725.56,17804.87
6/21/2016,37054.52,32771.25,17829.73
6/22/2016,36952.9,32681.37,17780.83
6/23/2016,37431.4,33104.56,18011.07
6/24/2016,36163,31982.78,17400.75
6/27/2016,35621.6,31503.96,17140.24
6/28/2016,36181.65,31999.27,17409.72
6/29/2016,36777.99,32525.58,17694.68
6/30/2016,37267.07,32958.11,17929.99
7/1/2016,37314.18,32997.97,17949.37
7/5/2016,37091.81,32800.33,17840.62
7/6/2016,37262.02,32948.72,17918.62
7/7/2016,37224.85,32913.17,17895.88
7/8/2016,37746.65,33374.53,18146.74
7/11/2016,37913.46,33522.02,18226.93
7/12/2016,38164.6,33744.07,18347.67
7/13/2016,38215.45,33789.03,18372.12
7/14/2016,38494.8,34036.02,18506.41
7/15/2016,38515.88,34054.66,18516.55
7/18/2016,38561.18,34091.81,18533.05
7/19/2016,38615.19,34139.55,18559.01
7/20/2016,38699.68,34211.72,18595.03
7/21/2016,38537.77,34068.59,18517.23
7/22/2016,38649.36,34167.24,18570.85
7/25/2016,38487.45,34024.11,18493.06
7/26/2016,38447.26,33988.58,18473.75
7/27/2016,38443.98,33985.68,18472.17
7/28/2016,38411.06,33956.57,18456.35
7/29/2016,38360.89,33912.22,18432.24
8/1/2016,38303.17,33861.19,18404.51
8/2/2016,38114.32,33694.25,18313.77
8/3/2016,38208.1,33775.04,18355
8/4/2016,38210.1,33774.65,18352.05
8/5/2016,38608.77,34127.04,18543.53
8/8/2016,38599.07,34113.17,18529.29
8/9/2016,38606.92,34120.11,18533.05
8/10/2016,38562.41,34071.92,18495.66
8/11/2016,38813.57,34292.39,18613.52
8/12/2016,38736.31,34224.14,18576.47
8/15/2016,38860.55,34333.9,18636.05
8/16/2016,38690.47,34182.27,18552.02
8/17/2016,38778.73,34248.97,18573.94
8/18/2016,38828.35,34292.79,18597.7
8/19/2016,38745.56,34216.64,18552.57
8/22/2016,38697.22,34173.95,18529.42
8/23/2016,38734.55,34206.92,18547.3
8/24/2016,38597.11,34085.54,18481.48
8/25/2016,38528.03,34024.54,18448.41
8/26/2016,38417.33,33926.78,18395.4
8/29/2016,38642.02,34125.2,18502.99
8/30/2016,38572.22,34055.11,18454.3
8/31/2016,38460.57,33956.54,18400.88
9/1/2016,38501.37,33991.95,18419.3
9/2/2016,38653.25,34126.04,18491.96
9/6/2016,38749.73,34211.22,18538.12
9/7/2016,38743.22,34200.56,18526.14
9/8/2016,38646.54,34115.23,18479.91
9/9/2016,37821.61,33387.02,18085.45
9/12/2016,38322.73,33829.38,18325.07
9/13/2016,37794.12,33359.67,18066.75
9/14/2016,37727.21,33300.62,18034.77
9/15/2016,38102.27,33630.8,18212.48
9/16/2016,37916.73,33467.04,18123.8
9/19/2016,37909.14,33460.33,18120.17
9/20/2016,37929.63,33478.42,18129.96
9/21/2016,38272.19,33780.78,18293.7
9/22/2016,38478.79,33963.14,18392.46
9/23/2016,38204.71,33721.22,18261.45
9/26/2016,37856.13,33413.54,18094.83
9/27/2016,38135.37,33660.01,18228.3
9/28/2016,38367.47,33864.88,18339.24
9/29/2016,37957.85,33503.33,18143.45
9/30/2016,38302.42,33807.46,18308.15
10/3/2016,38192.53,33709.48,18253.85
10/4/2016,38020.73,33556.03,18168.45
10/5/2016,38269.2,33771.91,18281.03
10/6/2016,38242.97,33748.76,18268.5
10/7/2016,38184.33,33697.02,18240.49
10/10/2016,38369.7,33860.6,18329.04
10/11/2016,37950.22,33490.42,18128.66
10/12/2016,37982.77,33519.14,18144.2
10/13/2016,37888,33435.51,18098.94
10/14/2016,37970.58,33508.38,18138.38
10/17/2016,37861.77,33412.36,18086.4
10/18/2016,38019.9,33551.91,18161.94
10/19/2016,38114.65,33632.98,18202.62
10/20/2016,38041.37,33565.4,18162.35
10/21/2016,38006.52,33534.65,18145.71
,,,
,,,
,,,
"Source: S&P Dow Jones Indices LLC, a division of S&P Global.

The launch date of the Dow Jones Industrial Average was May 26, 1896. 

All information presented prior to the index launch date is back-tested. Back-tested performance is not actual performance, but is hypothetical. The back-test calculations are based on the same methodology that was in effect when the index was officially launched. Past performance is not an indication or guarantee of future results.  Please see the Performance Disclosure at http://www.spindices.com/regulatory-affairs-disclaimers/ for more information regarding the inherent limitations associated with back-tested performance.

Copyright  2016 S&P Dow Jones Indices LLC, a division of S&P Global. All rights reserved. Redistribution or reproduction in whole or in part are prohibited without written permission. STANDARD & POORS and S&P are registered trademarks of Standard & Poors Financial Services LLC, a division of S&P Global (S&P); DOW JONES is a registered trademark of Dow Jones Trademark Holdings LLC (Dow Jones); and these trademarks have been licensed for use by S&P Dow Jones Indices LLC. S&P Dow Jones Indices LLC, Dow Jones, S&P, their respective affiliates and their third-party data providers and licensors (collectively S&P Dow Jones Indices Parties) makes no representation or warranty, express or implied, as to the ability of any index to accurately represent the asset class or market sector that it purports to represent and S&P Dow Jones Indices Parties shall have no liability for any errors, omissions, or interruptions of any index or the data included therein. Past performance of an index is not an indication or guarantee of future results. This document does not constitute an offer of any services. All information provided by S&P Dow Jones Indices is general in nature and not tailored to the needs of any person, entity or group of persons. S&P Dow Jones Indices receives compensation in connection with licensing its indices to third parties and providing custom calculation services.It is not possible to invest directly in an index. Exposure to an asset class represented by an index may be available through investable instruments offered by third parties that are based on that index. S&P Dow Jones Indices Parties do not sponsor, endorse, sell, promote or manage any investment fund or other investment product or vehicle that seeks to provide an investment return based on the performance of any Index. S&P Dow Jones Indices LLC is not an investment or tax advisor. S&P Dow Jones Indices Parties make no representation regarding the advisability of investing in any such investment fund or other investment product or vehicle.  A tax advisor should be consulted to evaluate the impact of any tax-exempt securities on portfolios and the tax consequences of making any particular investment decision. Credit-related information and other analyses, including ratings, are generally provided by licensors and/or affiliates of S&P Dow Jones Indices, including but not limited to S&P Globals other divisions such as Standard & Poors Financial Services LLC and S&P Capital IQ LLC. Any credit-related information and other related analyses and statements are opinions as of the date they are expressed and are not statements of fact. S&P Dow Jones Indices LLC is analytically separate and independent from any other analytical department.For more information on any of our indices please visit www.spdji.com.",,,
